loan_amnt,term_months,int_rate,installment,annual_inc,dti,fico_score,open_acc,revol_util,home_ownership,purpose,emp_length_years
6482,60,17.0,1143.29,43806,30.22,701,12,106.94,OWN,home_improvement,17
32921,60,27.5,328.09,54486,12.18,788,17,30.68,OWN,car,12
2431,60,27.3,96.28,126898,23.3,681,2,64.71,RENT,debt_consolidation,17
12312,60,22.37,90.0,114191,2.31,604,19,10.73,OWN,car,5
29495,36,18.14,902.77,114097,31.67,698,6,6.72,MORTGAGE,car,12
4791,60,12.67,813.27,146926,24.18,709,19,83.57,MORTGAGE,small_business,6
8833,36,6.51,274.81,97115,17.02,841,5,29.89,MORTGAGE,debt_consolidation,11
31519,60,19.07,410.89,52206,26.11,606,12,5.58,RENT,debt_consolidation,19
6895,60,23.85,788.15,148470,20.52,809,8,36.41,RENT,debt_consolidation,3
6103,36,19.89,54.15,42791,5.86,818,4,18.86,MORTGAGE,debt_consolidation,18
10369,60,16.59,435.5,59767,5.58,661,6,20.73,RENT,car,10
16114,60,25.08,1184.63,30687,9.79,840,8,9.32,OWN,debt_consolidation,17
22180,36,9.85,70.23,154048,8.73,746,5,23.56,OWN,home_improvement,19
18653,60,12.25,645.55,102624,26.48,754,13,25.42,OWN,credit_card,14
31930,36,21.6,1029.66,174684,22.96,694,8,52.25,OWN,small_business,8
25323,36,22.5,869.22,96369,27.91,626,18,47.95,OWN,credit_card,6
29164,36,14.9,457.07,41882,10.76,819,19,62.17,RENT,small_business,9
14900,36,18.39,295.16,104325,16.62,612,8,86.95,OWN,car,11
33745,36,16.89,407.66,100977,27.41,687,9,33.14,OWN,credit_card,2
23009,60,23.14,778.3,169656,34.89,798,5,106.1,OWN,small_business,14
12691,60,25.48,90.46,101096,23.27,651,16,64.97,MORTGAGE,car,7
32899,36,13.23,898.68,95764,0.39,641,1,38.79,OWN,debt_consolidation,0
7078,36,18.9,737.93,107521,20.73,747,2,7.44,RENT,small_business,1
14304,60,17.19,855.85,107498,33.74,690,10,13.54,RENT,credit_card,14
29178,36,6.73,1012.88,47011,30.62,650,12,92.9,RENT,car,1
22909,36,14.59,608.57,85827,3.4,679,12,48.75,OWN,small_business,0
32721,36,8.63,256.42,90921,11.82,639,12,71.93,RENT,debt_consolidation,4
29151,36,27.22,207.41,175905,26.56,760,1,106.81,OWN,home_improvement,13
9004,36,15.35,246.72,55455,16.26,647,4,109.12,MORTGAGE,home_improvement,5
19690,60,7.58,521.48,121795,27.55,638,2,89.91,MORTGAGE,small_business,3
3763,60,24.24,173.51,58919,15.95,829,18,116.2,OWN,home_improvement,17
16721,60,23.52,1177.53,142235,28.72,684,9,72.77,RENT,car,13
6596,36,24.67,185.29,156579,13.88,608,18,37.24,OWN,small_business,19
20596,36,14.75,241.15,52456,13.25,647,12,118.46,OWN,car,10
32301,60,14.66,1019.8,29096,26.36,804,8,111.69,OWN,small_business,12
20541,36,23.43,972.47,58057,25.17,709,2,45.88,OWN,home_improvement,7
16966,36,23.63,543.02,39806,26.6,842,13,81.94,MORTGAGE,home_improvement,4
34998,36,10.73,957.45,96803,6.63,664,12,47.04,MORTGAGE,credit_card,0
25363,36,27.58,1000.54,177726,1.68,831,5,65.72,MORTGAGE,small_business,8
7313,60,14.73,1126.96,85526,17.15,604,2,88.54,RENT,debt_consolidation,18
16581,36,19.88,276.13,190673,7.71,773,19,38.59,RENT,car,12
21017,60,27.29,1189.82,76718,18.75,822,2,10.37,OWN,debt_consolidation,17
21445,60,10.36,267.07,27344,4.65,680,19,43.35,RENT,home_improvement,17
17959,36,20.95,377.71,177333,20.15,822,1,40.86,MORTGAGE,debt_consolidation,6
1412,60,8.2,148.05,126892,26.03,602,6,29.33,RENT,car,7
29926,36,15.02,641.3,89980,21.73,820,11,99.18,RENT,home_improvement,3
5018,60,13.07,908.5,179152,11.96,617,9,30.9,MORTGAGE,home_improvement,16
24545,36,14.27,1029.62,47039,7.18,659,3,31.59,MORTGAGE,small_business,10
24071,60,17.43,548.89,34628,24.41,590,11,57.79,RENT,home_improvement,4
29572,60,11.55,1020.45,61104,14.27,766,5,65.15,OWN,debt_consolidation,13
24386,36,8.32,1138.79,54890,0.87,683,5,113.75,RENT,car,10
19610,60,10.92,761.95,164843,20.39,684,7,76.58,OWN,home_improvement,9
18450,60,13.31,532.6,75134,30.69,633,9,68.28,OWN,debt_consolidation,3
23403,60,19.04,636.1,176850,10.82,779,10,66.56,MORTGAGE,home_improvement,3
8368,36,16.99,536.52,107798,15.14,812,8,6.03,OWN,debt_consolidation,13
21059,60,25.07,659.75,132695,1.11,640,7,93.01,RENT,home_improvement,5
20096,60,23.57,1154.24,75344,17.13,791,16,45.18,MORTGAGE,home_improvement,13
1798,36,26.21,885.71,97240,13.06,680,4,77.82,OWN,home_improvement,2
29694,60,22.21,1041.9,104833,4.96,819,10,18.02,RENT,debt_consolidation,19
28569,60,6.25,914.87,132616,22.14,655,16,80.84,MORTGAGE,small_business,5
31654,60,12.1,1195.49,153745,34.19,701,6,16.79,MORTGAGE,debt_consolidation,4
5922,36,23.6,386.94,147215,14.37,663,8,41.8,RENT,car,2
26954,60,9.52,502.52,25213,14.57,823,1,74.93,MORTGAGE,credit_card,8
27289,36,7.88,940.01,85364,1.91,660,4,46.75,RENT,credit_card,13
7305,60,13.41,365.42,137715,18.94,807,19,48.14,MORTGAGE,debt_consolidation,15
6906,60,20.58,1087.3,198124,4.23,628,1,16.25,MORTGAGE,car,6
26446,60,24.17,1022.75,124122,28.19,769,16,16.43,MORTGAGE,car,15
18144,36,6.25,600.26,83177,1.85,716,10,98.41,MORTGAGE,home_improvement,19
19052,60,14.02,97.5,140788,4.81,582,4,24.85,OWN,credit_card,0
32417,36,25.76,847.04,131316,4.6,686,2,50.59,MORTGAGE,small_business,13
27572,36,9.23,857.55,103731,32.22,737,17,16.32,RENT,car,10
2401,60,10.97,916.29,62423,33.73,634,13,81.6,MORTGAGE,debt_consolidation,15
9448,36,24.54,836.02,88500,14.08,717,15,92.3,MORTGAGE,credit_card,3
17743,60,12.56,709.28,54482,6.42,639,12,24.91,RENT,credit_card,13
10204,60,7.62,808.46,104239,0.99,719,10,53.49,OWN,home_improvement,0
2609,36,12.55,686.34,175260,14.65,718,2,67.5,RENT,debt_consolidation,15
30052,36,26.45,292.16,86556,25.6,641,18,67.14,RENT,small_business,5
11147,60,9.62,492.69,60194,18.11,728,15,34.59,OWN,small_business,17
7102,60,25.01,994.53,126615,21.53,816,10,104.43,MORTGAGE,home_improvement,7
2342,36,26.08,878.09,195839,27.76,647,1,67.14,MORTGAGE,home_improvement,10
17374,36,26.05,515.51,157006,2.34,745,7,55.94,OWN,home_improvement,1
3787,60,25.54,375.54,157293,34.96,819,17,29.36,RENT,home_improvement,12
14261,60,17.97,331.93,125812,17.81,633,2,91.61,MORTGAGE,car,9
5633,60,22.78,845.89,52544,11.47,663,10,112.89,RENT,credit_card,0
17194,36,19.52,697.89,103481,26.21,642,19,50.34,OWN,small_business,5
5616,60,10.59,1188.6,71862,18.77,797,12,87.04,RENT,home_improvement,1
16592,36,7.28,883.56,96566,15.32,842,13,62.59,OWN,car,14
11213,36,17.98,225.78,29933,8.29,757,11,83.43,RENT,small_business,1
2016,60,19.68,408.44,169389,28.54,591,7,23.45,OWN,small_business,4
4981,36,25.85,228.03,94655,2.53,698,3,19.55,RENT,small_business,9
12120,60,13.18,615.44,23883,9.25,832,1,8.94,MORTGAGE,small_business,13
6451,36,20.67,913.68,93230,25.4,689,4,56.47,RENT,car,4
11409,60,23.06,89.93,104259,20.75,649,18,62.03,RENT,debt_consolidation,14
13910,60,15.55,482.27,144851,4.3,749,16,87.87,MORTGAGE,credit_card,17
34660,60,18.15,464.67,21872,10.37,732,18,38.02,MORTGAGE,debt_consolidation,18
33174,60,8.95,806.5,92944,28.14,657,19,79.26,OWN,debt_consolidation,14
12460,36,17.74,784.8,55571,3.68,609,5,40.03,RENT,small_business,8
21049,36,22.58,1188.79,157286,27.47,678,13,119.37,OWN,credit_card,17
25820,60,21.02,361.9,64310,12.0,783,2,45.89,OWN,debt_consolidation,4
1126,60,17.49,846.61,70734,17.26,712,15,37.05,OWN,car,4
6618,60,11.43,773.9,33767,23.48,705,14,64.51,OWN,small_business,1
14979,60,11.3,544.76,137456,28.77,630,5,68.97,MORTGAGE,car,17
21426,36,21.53,517.98,186773,4.0,809,13,111.81,RENT,credit_card,12
32290,60,25.93,368.3,134432,7.81,604,7,46.76,RENT,home_improvement,19
3103,36,12.27,250.55,47163,5.15,728,19,62.59,MORTGAGE,small_business,5
23574,60,25.1,656.01,95692,21.01,631,18,71.16,MORTGAGE,small_business,15
21666,60,15.26,700.1,115131,18.83,719,2,24.44,MORTGAGE,small_business,11
18772,36,11.37,80.88,35740,19.37,699,16,0.7,MORTGAGE,debt_consolidation,3
23693,60,12.02,1078.49,144868,26.92,704,17,76.22,OWN,home_improvement,11
4802,60,13.75,499.16,117585,27.44,827,6,34.47,RENT,credit_card,11
4300,36,7.88,145.36,167059,29.26,831,8,62.25,MORTGAGE,car,8
6141,60,12.19,673.94,21076,31.0,683,1,40.65,OWN,debt_consolidation,6
9080,60,17.27,418.24,69365,8.58,820,5,50.03,OWN,home_improvement,12
14025,60,23.48,560.8,147677,29.4,624,18,48.32,RENT,debt_consolidation,16
5300,36,24.46,674.19,90875,31.31,597,18,89.94,MORTGAGE,small_business,16
30378,36,25.04,264.86,45775,33.06,801,8,75.07,OWN,home_improvement,3
28723,60,17.54,326.3,58682,20.24,699,7,55.93,RENT,home_improvement,13
18685,36,21.0,226.07,155126,14.22,800,12,119.17,RENT,debt_consolidation,10
21463,60,23.77,1133.16,98255,6.64,779,18,71.2,MORTGAGE,home_improvement,5
2899,36,22.26,563.45,68960,30.12,648,8,61.23,OWN,car,10
28042,36,24.3,1100.8,48299,3.83,752,10,79.2,OWN,debt_consolidation,7
9567,60,24.38,1084.74,103872,29.0,701,16,40.76,MORTGAGE,debt_consolidation,16
9120,36,25.48,1037.59,42211,11.05,587,18,45.63,OWN,car,19
13874,36,9.89,580.21,64221,23.32,798,8,42.02,MORTGAGE,debt_consolidation,3
10914,60,27.66,1148.28,77487,1.17,597,11,88.57,RENT,car,4
31206,60,23.97,327.87,89915,1.37,718,6,10.15,RENT,car,12
17709,36,23.93,946.6,54572,18.47,790,8,112.58,RENT,home_improvement,8
10359,60,24.55,382.78,174175,2.1,722,19,42.69,RENT,home_improvement,5
13336,60,19.66,962.02,46250,28.94,593,18,90.4,OWN,small_business,3
29621,60,14.86,985.03,111991,20.17,678,3,92.89,RENT,home_improvement,3
5594,36,9.99,1042.22,63654,12.97,835,14,19.77,OWN,car,5
13178,36,13.13,438.82,175673,5.18,644,17,20.18,MORTGAGE,home_improvement,11
2988,60,11.25,424.62,96213,3.86,827,10,31.53,RENT,small_business,7
26068,36,19.94,686.03,191571,30.47,591,14,91.61,RENT,small_business,17
4982,36,22.56,238.63,109012,17.01,670,5,69.85,RENT,home_improvement,0
13015,36,10.64,1150.32,178681,32.79,606,9,76.57,RENT,home_improvement,0
15683,36,23.47,596.17,112469,24.98,605,16,59.74,MORTGAGE,credit_card,19
26933,36,19.77,191.25,89726,27.85,604,13,112.97,OWN,car,6
24897,60,22.68,760.62,149282,25.19,625,9,32.87,RENT,credit_card,13
34629,36,20.37,1106.18,98780,4.48,641,13,59.74,OWN,car,18
3048,36,18.7,1173.02,143309,33.47,677,11,61.18,OWN,home_improvement,14
14598,36,6.19,784.13,174103,7.46,665,1,119.7,RENT,car,14
34397,60,9.33,757.83,64233,34.48,643,13,93.84,MORTGAGE,debt_consolidation,8
34039,36,14.46,1077.56,146077,22.48,645,17,76.9,RENT,car,7
26939,60,11.57,546.45,183122,27.04,751,9,92.18,OWN,credit_card,11
21953,60,6.01,585.48,104351,13.01,612,7,114.21,MORTGAGE,home_improvement,13
30315,60,22.75,469.45,128459,5.66,675,18,80.71,OWN,home_improvement,3
4748,60,13.66,1044.07,64390,21.94,602,16,58.19,OWN,car,17
17766,60,11.27,761.03,118382,18.14,606,13,45.6,OWN,small_business,0
13869,60,6.48,127.28,146378,22.46,796,8,39.64,OWN,small_business,17
32802,60,11.68,959.83,185391,25.86,700,10,15.24,OWN,credit_card,17
18337,60,24.51,210.7,32366,24.01,647,4,26.56,MORTGAGE,small_business,0
3482,36,20.78,846.19,110721,13.72,623,11,27.34,MORTGAGE,small_business,0
12824,60,15.24,787.66,177003,8.58,666,10,106.72,MORTGAGE,debt_consolidation,18
25995,60,5.96,693.3,95045,24.14,732,12,114.48,MORTGAGE,debt_consolidation,3
30371,36,26.09,353.56,52827,27.5,821,9,55.37,OWN,debt_consolidation,14
18304,60,9.2,1022.82,105263,7.72,652,6,46.7,MORTGAGE,debt_consolidation,5
33808,60,21.47,265.09,76045,25.42,633,16,80.54,MORTGAGE,credit_card,16
16254,36,26.95,756.09,160723,25.21,844,8,76.48,OWN,credit_card,12
15899,60,5.73,1054.13,174564,16.7,818,18,25.78,OWN,small_business,8
2560,60,25.29,278.79,199586,24.82,815,4,3.67,MORTGAGE,small_business,16
6178,60,18.72,1092.24,171392,24.34,607,10,37.23,OWN,car,18
28230,60,14.97,205.07,42247,15.44,838,8,111.91,RENT,debt_consolidation,0
23002,60,19.15,509.3,174075,24.35,755,11,62.74,OWN,small_business,5
12383,60,6.75,1199.62,70539,32.56,715,14,10.8,OWN,small_business,2
12425,60,8.84,635.17,27045,34.91,822,10,34.64,MORTGAGE,credit_card,5
24429,36,20.97,96.23,184451,5.35,736,16,54.8,RENT,debt_consolidation,3
29179,60,22.78,984.21,159082,25.91,708,7,73.51,MORTGAGE,home_improvement,4
10306,36,23.87,201.89,113439,18.54,630,14,111.39,OWN,debt_consolidation,5
26821,36,22.22,734.05,71332,10.96,600,12,56.93,OWN,credit_card,3
25817,60,27.65,566.62,39654,27.25,610,1,20.46,MORTGAGE,credit_card,14
30334,60,16.93,119.1,156803,22.32,702,7,101.07,MORTGAGE,home_improvement,3
29927,60,24.27,585.25,53117,24.0,722,4,39.24,RENT,credit_card,1
17940,60,21.85,102.18,193413,1.67,581,3,69.57,MORTGAGE,car,18
29850,36,11.26,104.91,28203,7.81,719,13,57.39,MORTGAGE,small_business,2
9754,36,24.71,511.08,184064,5.27,797,1,43.67,OWN,credit_card,3
24752,60,18.6,1161.27,141840,24.26,840,1,97.99,RENT,debt_consolidation,17
14350,36,10.1,546.15,73948,34.43,645,8,87.53,MORTGAGE,debt_consolidation,0
14121,36,14.14,1147.85,28915,33.06,674,10,63.3,RENT,small_business,18
11983,36,27.7,683.93,172852,4.38,798,12,29.85,MORTGAGE,credit_card,9
30750,60,15.66,699.92,168873,22.81,800,8,7.68,RENT,small_business,6
6698,60,18.14,997.29,179457,13.53,803,14,5.35,OWN,credit_card,16
21878,36,16.37,291.02,132997,25.0,744,1,80.01,MORTGAGE,car,15
20873,36,16.07,197.85,186133,27.34,585,17,66.13,RENT,home_improvement,6
5033,36,21.74,98.24,62012,21.73,623,3,15.55,RENT,car,0
4359,36,23.78,1161.28,194903,5.69,769,3,111.19,RENT,car,3
10135,36,27.14,230.94,33319,11.27,642,5,28.55,MORTGAGE,small_business,17
10160,36,24.24,625.49,165168,21.72,840,5,14.31,MORTGAGE,credit_card,9
21900,36,9.1,524.62,127727,32.47,677,5,101.78,OWN,home_improvement,0
28083,60,16.53,89.48,106924,29.3,799,19,32.43,OWN,small_business,14
20539,60,9.71,373.41,186866,31.5,634,13,13.33,OWN,credit_card,3
22133,36,21.04,731.56,182211,29.92,721,16,82.31,RENT,car,6
6126,36,21.43,610.07,93916,32.16,739,12,81.51,OWN,car,15
13941,60,11.38,107.27,125242,30.35,811,13,20.94,RENT,credit_card,12
14971,60,16.07,361.6,95769,31.62,747,11,54.69,RENT,credit_card,12
16649,60,24.21,918.95,150091,22.61,643,10,94.23,MORTGAGE,small_business,3
21176,60,5.92,218.17,47841,27.28,831,9,50.4,RENT,small_business,6
21611,36,13.27,958.12,49865,20.91,614,16,35.38,MORTGAGE,home_improvement,10
31971,60,19.48,224.76,87542,24.8,597,17,13.01,MORTGAGE,car,18
11785,36,24.03,306.23,79278,21.11,671,17,40.95,RENT,car,17
18551,36,27.29,154.18,130737,34.06,630,7,59.57,RENT,credit_card,14
23447,60,25.67,116.7,172973,4.91,675,14,66.73,OWN,small_business,1
7941,36,14.33,740.52,121290,25.51,825,12,27.71,OWN,car,0
12653,36,22.08,1168.47,99386,12.63,593,18,16.61,OWN,debt_consolidation,18
19565,36,24.38,1051.88,53397,11.15,656,3,0.56,MORTGAGE,credit_card,5
27143,36,27.29,85.26,181172,25.82,782,16,49.35,OWN,debt_consolidation,14
14760,36,6.93,921.67,53314,22.69,682,7,35.53,RENT,home_improvement,4
30300,60,21.75,953.23,24509,34.23,688,7,96.16,MORTGAGE,debt_consolidation,7
2685,60,12.76,942.43,39750,14.03,594,12,89.13,RENT,debt_consolidation,8
8927,60,26.48,888.25,45230,22.12,758,5,48.46,OWN,car,2
11706,36,26.16,761.49,59587,9.43,763,6,0.5,RENT,credit_card,0
32656,60,20.62,576.73,163932,26.2,848,11,106.77,RENT,small_business,10
30866,60,27.85,253.77,163626,32.61,592,12,105.36,RENT,car,6
23886,36,24.96,320.09,48571,7.81,786,10,63.54,MORTGAGE,small_business,16
13158,36,8.66,323.39,34099,33.26,625,13,40.51,OWN,car,5
29797,36,20.07,521.32,154116,26.94,776,8,1.98,OWN,car,14
1125,36,6.21,295.51,98346,15.33,766,14,18.07,RENT,car,9
24926,60,9.07,89.52,77163,18.6,604,2,2.76,OWN,debt_consolidation,0
34110,60,21.43,828.59,198703,12.95,845,2,87.74,MORTGAGE,home_improvement,3
1698,60,6.21,173.62,67672,27.99,608,12,16.45,OWN,debt_consolidation,17
17173,36,8.81,92.13,138371,7.79,838,13,21.14,RENT,debt_consolidation,11
18030,36,14.95,728.96,54030,9.16,715,16,24.28,RENT,small_business,9
26658,36,26.31,394.39,97492,7.77,684,8,14.87,RENT,car,12
31750,60,26.06,773.42,166718,32.58,629,10,68.34,OWN,car,11
11412,36,15.65,917.71,31218,0.73,845,10,88.53,RENT,home_improvement,11
17029,36,14.33,1014.03,138802,5.91,614,7,22.3,RENT,car,12
25123,60,9.22,361.59,92372,1.41,836,8,65.2,RENT,debt_consolidation,2
31062,60,24.17,510.37,67984,22.08,833,12,28.07,RENT,small_business,1
15534,36,12.76,425.48,34559,28.54,605,10,2.72,RENT,credit_card,19
28751,60,10.55,480.19,154966,24.61,814,12,12.51,RENT,home_improvement,1
24711,60,24.04,341.96,97093,30.88,782,1,111.58,MORTGAGE,small_business,10
23418,36,26.01,373.97,24991,31.39,847,17,45.13,OWN,small_business,10
23890,36,9.82,496.23,178459,11.43,691,4,115.36,MORTGAGE,home_improvement,4
11720,36,19.57,221.59,104614,3.3,730,14,12.32,RENT,debt_consolidation,0
27665,60,8.0,402.37,26508,16.28,766,17,102.74,MORTGAGE,home_improvement,16
25322,36,17.72,727.21,140454,34.56,669,4,12.52,RENT,home_improvement,17
34187,60,11.55,470.57,110930,2.85,731,6,29.48,MORTGAGE,debt_consolidation,15
4712,36,17.61,864.16,134988,2.73,658,4,40.36,MORTGAGE,home_improvement,1
5263,36,21.96,140.52,70555,10.62,604,3,80.74,OWN,debt_consolidation,4
32128,60,15.69,972.26,22477,32.44,657,1,102.84,MORTGAGE,small_business,6
4430,36,18.46,334.87,23543,4.73,837,13,119.88,OWN,home_improvement,10
3808,36,8.98,1041.78,46012,28.59,706,9,93.4,OWN,credit_card,0
22644,60,9.03,639.87,191326,8.1,682,11,108.67,OWN,credit_card,0
15138,36,17.5,1174.74,27938,20.14,704,12,98.29,MORTGAGE,home_improvement,2
2062,36,18.0,1070.87,29495,12.55,828,17,92.45,MORTGAGE,credit_card,7
17859,36,8.16,699.06,52059,15.58,643,17,80.06,OWN,car,9
24172,36,12.36,780.2,78151,24.66,759,15,109.12,RENT,debt_consolidation,18
21131,36,19.54,100.94,163828,34.54,833,5,113.7,RENT,credit_card,13
4267,36,6.54,363.75,21083,24.91,704,2,87.74,OWN,home_improvement,2
28139,36,15.51,378.79,26575,34.3,762,18,116.23,OWN,credit_card,9
22650,60,22.02,763.54,121266,21.5,636,18,18.99,MORTGAGE,car,6
21620,60,13.23,83.65,34060,31.27,809,9,119.0,MORTGAGE,credit_card,19
16379,60,24.47,580.1,135164,13.44,678,15,97.22,MORTGAGE,small_business,4
27987,60,17.92,736.23,86473,25.84,740,11,95.19,OWN,small_business,9
8461,60,17.17,447.37,185498,0.53,583,18,100.08,MORTGAGE,car,5
26901,60,12.11,95.39,175299,11.62,810,6,54.08,MORTGAGE,home_improvement,15
15996,36,19.18,635.94,121243,34.15,725,14,8.96,RENT,home_improvement,12
1340,60,12.36,93.58,146731,20.2,590,18,49.07,MORTGAGE,debt_consolidation,9
6744,36,5.54,829.26,116940,15.84,744,1,64.34,RENT,car,2
23706,36,19.35,107.75,72016,23.03,691,10,110.29,MORTGAGE,credit_card,11
32455,36,25.5,1097.51,61284,18.69,582,3,68.41,RENT,home_improvement,14
1882,36,19.52,297.81,33339,12.49,633,11,55.87,RENT,car,8
2637,60,16.34,750.12,130559,0.96,657,2,27.07,MORTGAGE,car,10
9693,36,26.75,884.99,187796,33.29,679,14,42.93,MORTGAGE,small_business,18
16641,36,22.25,450.0,167688,17.77,764,13,4.61,MORTGAGE,car,5
15226,60,17.66,244.01,191269,21.96,745,14,118.2,MORTGAGE,debt_consolidation,7
16327,60,21.07,245.59,138090,18.18,627,7,50.94,OWN,home_improvement,1
28796,36,14.1,178.34,163185,1.56,788,10,43.22,OWN,credit_card,6
11625,60,22.14,816.61,198854,8.71,668,15,100.64,MORTGAGE,debt_consolidation,1
15043,36,27.82,849.83,100684,22.07,778,10,7.16,RENT,credit_card,7
22128,36,13.03,283.27,91713,33.35,724,6,89.7,OWN,credit_card,0
18260,60,7.88,63.63,74235,21.26,828,5,78.25,OWN,small_business,5
26183,60,17.33,993.97,27025,1.07,809,10,33.28,MORTGAGE,small_business,6
21746,36,11.93,194.96,76955,26.11,638,13,1.94,OWN,home_improvement,17
24510,36,27.68,830.67,25057,19.65,797,14,45.11,OWN,car,7
33920,60,13.46,269.32,97354,18.68,643,9,82.02,RENT,debt_consolidation,4
12929,36,13.51,92.31,126234,2.17,807,3,107.95,RENT,small_business,3
30240,36,8.74,1083.55,168028,26.21,834,13,4.84,RENT,small_business,13
23687,36,24.41,898.91,193613,4.45,796,13,78.8,OWN,home_improvement,1
1515,36,6.6,75.0,87148,27.68,588,2,8.59,MORTGAGE,home_improvement,10
17376,60,13.99,812.51,194811,18.85,654,17,116.24,RENT,home_improvement,16
24888,36,9.74,445.38,24076,21.41,816,3,101.03,RENT,home_improvement,12
3093,60,19.0,914.38,155442,3.37,822,15,90.3,OWN,small_business,2
7893,36,5.95,1038.05,110251,22.49,614,14,54.33,MORTGAGE,car,17
12580,60,27.0,602.46,107420,8.52,664,1,117.19,OWN,credit_card,15
17920,36,22.59,506.26,112688,12.48,637,4,71.98,MORTGAGE,credit_card,15
20281,36,25.39,95.08,90298,31.46,783,12,93.81,MORTGAGE,small_business,15
9003,60,25.62,508.27,132007,32.93,843,12,61.61,MORTGAGE,car,12
30345,36,14.33,511.57,32228,14.57,649,17,52.64,OWN,home_improvement,1
3443,36,10.86,150.75,127251,31.54,766,18,93.26,OWN,small_business,2
27123,60,22.31,888.94,64293,31.23,716,5,81.02,RENT,car,13
24154,60,12.37,761.11,21471,5.57,814,7,47.82,MORTGAGE,home_improvement,10
24382,60,24.75,588.55,46727,27.22,583,9,74.01,OWN,home_improvement,6
8659,60,6.05,589.28,34481,31.56,835,16,56.52,MORTGAGE,credit_card,2
33125,36,16.59,263.84,52007,13.94,781,12,71.37,RENT,car,15
11167,60,12.57,755.23,75120,4.85,695,9,60.84,OWN,small_business,0
9461,36,17.68,850.11,174558,27.91,738,19,99.91,OWN,home_improvement,19
28042,60,11.85,1065.01,31718,12.5,737,19,30.75,RENT,car,5
31268,36,22.54,382.34,193677,8.41,773,7,66.89,MORTGAGE,debt_consolidation,12
32419,36,20.34,958.83,176295,1.1,816,18,42.41,RENT,car,0
18826,36,12.57,460.73,102424,3.16,609,17,3.26,RENT,home_improvement,1
21423,60,26.06,762.33,150996,31.49,753,19,9.93,OWN,debt_consolidation,13
27950,60,10.67,982.27,197042,8.1,701,11,59.8,OWN,car,18
17544,36,20.61,844.48,108855,18.61,816,10,116.36,OWN,home_improvement,10
27854,36,19.17,1067.87,134082,5.24,834,13,37.69,RENT,home_improvement,18
27027,36,25.45,229.68,184835,33.54,707,16,86.07,MORTGAGE,home_improvement,3
15270,36,13.61,964.43,89551,20.13,792,6,115.67,OWN,home_improvement,13
13297,60,27.41,1178.19,81913,30.64,753,18,82.7,MORTGAGE,debt_consolidation,18
12763,36,20.27,753.93,140478,26.39,727,2,15.89,MORTGAGE,credit_card,2
11692,36,25.39,421.26,160931,6.22,790,16,67.43,OWN,car,8
21384,60,20.78,844.73,182310,19.54,696,13,5.61,OWN,home_improvement,18
14575,60,8.34,353.63,74478,32.44,674,12,64.84,OWN,debt_consolidation,17
10486,36,22.49,775.84,149342,17.43,591,2,7.77,RENT,home_improvement,7
31106,36,13.78,1181.13,144534,12.18,810,11,102.7,RENT,debt_consolidation,9
19061,60,27.27,798.91,128407,34.37,835,10,83.83,RENT,home_improvement,6
22959,36,12.21,240.12,45973,2.52,582,2,97.79,OWN,small_business,5
7183,36,12.66,637.71,172721,9.94,748,8,19.79,RENT,car,13
15296,60,22.03,612.12,112205,21.3,633,13,103.27,RENT,debt_consolidation,12
16916,60,15.61,76.82,132784,5.0,771,3,26.69,MORTGAGE,home_improvement,6
2129,36,23.67,828.07,21316,19.98,824,16,35.65,OWN,credit_card,4
7012,36,6.32,537.78,115204,13.45,724,12,103.71,RENT,debt_consolidation,12
24675,36,16.35,706.62,186391,25.1,768,8,59.42,RENT,home_improvement,1
34004,36,22.04,1124.27,150745,15.28,683,4,6.94,OWN,credit_card,17
13070,36,26.31,659.76,30607,15.2,785,8,0.31,MORTGAGE,credit_card,13
6724,36,8.84,114.35,57669,15.22,760,11,75.4,OWN,debt_consolidation,19
11222,36,20.59,1053.32,188560,3.39,623,14,71.03,MORTGAGE,home_improvement,19
4363,60,16.16,450.14,75535,23.53,669,2,59.14,MORTGAGE,small_business,18
8804,60,20.64,298.21,134889,2.88,793,18,3.56,MORTGAGE,home_improvement,1
19755,60,26.01,428.66,67820,9.96,739,15,51.02,OWN,home_improvement,6
28081,36,16.91,984.75,188996,24.52,674,10,60.51,RENT,small_business,13
5249,36,7.06,1107.49,172158,16.2,633,16,119.72,OWN,credit_card,12
10916,60,15.34,51.45,50382,0.42,618,14,75.41,MORTGAGE,credit_card,19
34561,60,19.96,333.01,197628,31.36,585,18,81.59,OWN,home_improvement,15
16240,36,22.93,556.33,103717,0.77,752,3,77.74,RENT,credit_card,0
32843,60,23.2,712.11,67405,13.66,657,1,67.75,OWN,credit_card,16
14046,60,18.17,861.25,160229,32.55,799,3,6.12,OWN,home_improvement,9
26425,36,9.11,1131.53,184903,33.6,772,14,97.7,OWN,small_business,13
9252,36,15.52,501.09,97313,31.33,659,9,81.89,OWN,car,15
15616,36,18.12,191.74,99707,21.61,843,13,35.97,RENT,debt_consolidation,19
2700,60,12.35,609.96,29156,16.81,712,11,98.51,OWN,car,9
27829,60,13.65,92.92,68419,27.91,596,6,72.3,OWN,car,9
29482,36,10.86,516.76,151444,25.36,603,18,108.82,OWN,credit_card,7
6237,36,14.77,236.04,117955,21.37,640,8,56.68,RENT,debt_consolidation,8
28350,36,17.36,697.21,125149,6.56,614,2,67.71,MORTGAGE,small_business,5
34537,36,19.84,420.81,94891,10.67,787,4,28.73,MORTGAGE,small_business,9
11916,60,12.66,929.83,21378,18.14,734,12,68.3,MORTGAGE,debt_consolidation,17
16563,36,19.14,609.55,66335,0.59,723,8,78.39,RENT,credit_card,6
24625,60,15.89,338.25,95997,23.06,753,18,114.19,MORTGAGE,debt_consolidation,15
11693,36,26.88,842.97,171918,30.41,737,13,7.59,RENT,credit_card,2
16223,60,15.95,642.22,32209,32.79,727,16,84.68,RENT,home_improvement,12
13743,36,14.77,283.01,120475,34.58,605,16,61.19,MORTGAGE,home_improvement,19
11578,36,5.93,1087.9,159957,14.21,649,12,109.54,MORTGAGE,credit_card,6
18019,60,11.24,397.84,146766,28.3,801,18,105.69,OWN,small_business,18
4729,36,18.76,565.84,131568,21.25,623,9,92.45,OWN,debt_consolidation,4
26032,36,11.14,359.37,80332,19.32,651,7,56.22,OWN,small_business,14
28491,36,7.35,269.36,136382,20.89,727,2,4.46,MORTGAGE,debt_consolidation,19
24150,36,8.0,288.58,25274,3.42,627,1,11.03,OWN,car,17
18412,36,27.11,280.02,121980,10.01,759,12,38.9,RENT,car,7
29732,60,14.71,1028.69,117972,31.67,583,2,18.37,MORTGAGE,small_business,9
1870,36,22.81,604.54,103944,23.93,825,8,88.02,RENT,small_business,15
19394,60,14.54,1074.13,119890,27.14,843,12,70.24,OWN,car,3
6185,60,12.51,665.95,103463,10.36,781,14,67.39,MORTGAGE,small_business,4
7591,60,16.23,308.25,53521,22.59,845,1,22.45,MORTGAGE,small_business,1
26553,60,16.5,469.26,82335,1.92,802,12,38.41,MORTGAGE,home_improvement,18
9080,60,18.92,1138.82,24837,3.26,802,4,53.4,MORTGAGE,home_improvement,12
29807,60,21.4,479.58,170354,13.59,791,12,43.11,RENT,credit_card,16
24279,60,15.42,678.75,157023,4.04,622,8,94.13,OWN,car,10
20581,36,18.17,192.81,123726,5.62,675,14,87.42,OWN,small_business,15
9905,36,14.94,721.79,165508,2.28,848,19,103.7,RENT,credit_card,15
29454,36,7.29,1145.0,146053,34.78,811,7,7.13,OWN,credit_card,6
10277,36,8.77,490.85,106911,1.57,619,13,80.85,MORTGAGE,debt_consolidation,11
24959,60,18.09,641.15,71179,29.68,624,10,119.62,OWN,home_improvement,5
16233,60,19.37,886.92,47100,24.31,753,2,32.58,RENT,debt_consolidation,19
6454,60,15.05,980.9,157245,13.79,781,13,23.34,RENT,small_business,9
24067,60,7.71,993.07,131477,3.99,709,7,16.08,RENT,credit_card,6
34243,36,6.72,140.54,117681,17.93,735,6,105.17,MORTGAGE,home_improvement,0
32552,36,6.99,736.66,103956,22.39,824,13,112.13,OWN,debt_consolidation,0
24938,60,25.63,997.58,136351,13.86,789,13,56.12,RENT,debt_consolidation,10
12531,36,10.29,203.49,193013,18.14,643,14,95.98,MORTGAGE,debt_consolidation,3
7869,60,24.77,321.34,122061,15.55,770,16,69.57,MORTGAGE,credit_card,17
19375,60,26.66,382.33,178607,17.75,777,14,30.36,RENT,car,14
23614,36,23.38,218.8,30316,20.24,782,3,86.04,RENT,credit_card,0
13115,36,24.22,637.27,28947,23.61,831,10,79.35,MORTGAGE,small_business,3
29112,60,16.1,709.83,152763,7.24,688,16,31.83,OWN,debt_consolidation,0
22473,36,14.55,1174.88,154170,20.54,797,16,7.22,MORTGAGE,credit_card,12
21939,60,17.03,1085.03,39565,21.98,836,18,9.09,RENT,home_improvement,17
31607,36,22.87,1143.24,176358,25.25,685,10,29.42,RENT,car,13
23443,36,12.69,343.99,65061,32.89,660,17,67.01,OWN,credit_card,2
24386,36,13.22,724.96,58541,20.43,617,10,22.9,RENT,credit_card,11
11617,36,7.36,79.35,75450,1.29,803,7,94.3,MORTGAGE,credit_card,12
29399,60,16.63,479.49,174256,14.3,633,6,66.01,RENT,home_improvement,15
27654,60,27.45,828.98,145940,27.37,592,13,6.67,RENT,credit_card,10
19945,60,10.56,572.03,183631,14.35,673,3,21.67,MORTGAGE,home_improvement,5
26855,60,26.29,401.92,39589,18.96,592,11,19.04,MORTGAGE,debt_consolidation,16
17436,36,21.4,344.09,70509,12.87,821,13,98.5,RENT,car,17
15678,36,15.15,982.57,113435,6.75,816,5,14.2,MORTGAGE,small_business,14
15098,60,6.14,489.88,150306,0.76,729,1,10.79,RENT,home_improvement,14
13857,36,24.79,235.85,194446,33.62,667,11,9.4,MORTGAGE,car,7
12939,60,9.1,1174.74,199009,15.61,759,14,104.34,OWN,home_improvement,9
11295,60,9.16,293.42,58392,17.57,669,19,17.04,OWN,debt_consolidation,11
24824,36,17.23,69.14,79937,18.98,697,17,109.36,MORTGAGE,credit_card,7
23432,60,18.5,278.9,60225,22.65,728,13,37.65,OWN,car,15
1358,60,20.38,162.73,50845,1.97,787,2,89.44,MORTGAGE,home_improvement,9
20878,36,21.3,684.58,70528,0.19,758,18,45.73,MORTGAGE,home_improvement,0
2814,36,9.79,78.93,22936,20.53,789,12,49.06,RENT,small_business,4
1846,36,21.1,408.67,105923,21.32,763,14,51.66,MORTGAGE,debt_consolidation,6
9125,60,26.46,200.33,122974,32.86,599,12,7.15,RENT,home_improvement,11
19556,36,11.28,807.89,166842,29.89,607,13,24.27,MORTGAGE,small_business,5
22833,60,16.1,577.19,153823,0.73,811,7,105.92,OWN,credit_card,9
10788,36,27.53,660.08,174268,9.04,672,1,25.75,MORTGAGE,debt_consolidation,9
9311,60,18.41,387.91,31809,25.29,640,18,73.81,RENT,small_business,7
27536,60,27.79,596.47,100901,22.07,590,18,6.5,RENT,credit_card,10
20477,60,15.02,953.32,157852,2.03,712,1,58.61,RENT,car,4
15908,60,20.24,985.87,100266,13.55,726,4,74.79,OWN,small_business,12
10510,60,23.97,992.45,157577,29.65,800,12,113.38,MORTGAGE,car,14
23054,36,26.44,606.89,102331,8.86,719,4,117.02,MORTGAGE,debt_consolidation,3
24570,36,16.19,81.25,47284,24.77,742,15,22.28,MORTGAGE,small_business,1
29064,36,24.37,1076.58,49044,15.08,691,4,42.49,OWN,small_business,9
2424,60,9.85,168.96,131902,5.38,727,12,109.11,OWN,car,14
33252,36,15.76,481.56,164670,0.73,742,17,23.61,OWN,debt_consolidation,5
7581,36,6.95,184.27,54533,16.04,781,19,108.99,RENT,car,4
18387,60,20.02,237.0,151030,33.98,721,16,9.75,OWN,small_business,5
14245,60,24.63,153.16,169688,25.91,630,13,13.35,MORTGAGE,debt_consolidation,3
11776,36,20.73,87.49,113104,7.7,846,15,110.57,MORTGAGE,small_business,18
22288,60,13.75,463.24,148575,31.92,776,9,94.01,MORTGAGE,small_business,11
6850,36,10.55,752.94,69185,22.1,641,4,83.83,OWN,home_improvement,11
7772,36,21.79,249.48,58907,27.72,706,10,81.55,MORTGAGE,home_improvement,6
12916,60,24.3,1017.85,27907,22.46,809,4,90.97,MORTGAGE,debt_consolidation,11
22591,60,18.37,858.89,28738,14.49,838,4,57.03,MORTGAGE,credit_card,5
11997,60,14.07,1186.21,63671,14.16,644,8,84.38,MORTGAGE,home_improvement,11
22316,60,18.39,737.41,39459,24.73,585,6,90.15,MORTGAGE,credit_card,14
5432,60,14.24,398.14,164797,4.31,580,14,50.48,MORTGAGE,car,2
1893,36,13.15,791.87,119827,22.83,685,5,92.53,RENT,debt_consolidation,4
14255,60,18.56,782.15,54070,27.27,683,19,8.91,RENT,car,1
33001,36,19.8,867.68,126548,1.04,693,12,57.4,RENT,debt_consolidation,19
2932,60,25.03,1110.92,192076,29.26,629,5,26.24,OWN,car,18
22556,36,8.39,897.65,180036,17.79,699,2,90.57,MORTGAGE,small_business,17
27946,36,13.73,1120.88,58148,20.68,787,17,77.16,MORTGAGE,home_improvement,3
22168,36,16.76,544.64,199037,7.39,686,17,41.41,OWN,home_improvement,7
7364,36,24.59,988.92,33583,32.04,625,2,113.57,RENT,home_improvement,8
2013,36,25.23,218.96,39715,34.01,759,2,71.88,RENT,home_improvement,3
15758,60,25.29,122.28,81401,30.1,832,5,114.77,OWN,small_business,18
31561,60,25.47,885.23,182254,7.35,661,4,61.25,MORTGAGE,debt_consolidation,10
8036,60,7.41,56.78,105733,22.47,600,12,58.48,OWN,credit_card,11
5648,60,5.68,257.28,174132,27.75,603,2,29.9,RENT,small_business,1
25345,36,27.81,823.27,146765,5.6,829,16,65.02,MORTGAGE,debt_consolidation,8
34621,60,8.84,699.99,129735,4.34,585,9,8.19,RENT,car,18
7295,36,17.02,193.77,138639,32.93,582,8,19.06,MORTGAGE,credit_card,1
8009,36,10.94,969.7,32011,17.21,636,1,36.07,MORTGAGE,car,17
17393,36,5.69,484.86,134731,27.85,669,19,85.44,OWN,car,10
33154,36,15.78,674.78,152996,24.69,746,12,108.99,MORTGAGE,small_business,18
14565,60,19.76,925.93,97665,14.36,833,14,68.91,MORTGAGE,home_improvement,5
6675,36,6.95,1072.62,46165,22.18,597,14,50.28,RENT,credit_card,7
10171,60,25.19,1167.25,132848,22.54,643,9,34.21,MORTGAGE,home_improvement,6
9787,60,20.59,313.82,143520,23.86,826,8,96.46,MORTGAGE,credit_card,10
29758,60,22.01,337.74,126276,24.73,679,4,8.7,RENT,car,10
21671,36,18.06,1000.65,86500,10.51,640,14,4.37,RENT,car,16
24488,36,9.46,1031.7,175642,17.0,844,3,91.89,MORTGAGE,debt_consolidation,0
25495,36,27.44,859.12,74775,33.05,675,16,108.92,MORTGAGE,debt_consolidation,17
10516,36,17.27,1144.2,64456,2.66,758,3,67.64,MORTGAGE,small_business,9
11789,36,15.25,227.09,161983,34.37,733,7,29.97,RENT,small_business,1
21384,36,19.49,266.37,43363,26.84,695,11,76.51,OWN,debt_consolidation,10
21651,60,10.34,471.49,29109,11.95,692,19,91.29,RENT,debt_consolidation,7
29761,36,24.35,160.0,114547,20.67,668,13,48.32,MORTGAGE,small_business,12
16183,36,8.16,615.7,36877,3.85,769,11,111.86,RENT,small_business,3
2375,60,13.6,141.11,183843,9.79,643,5,23.24,RENT,small_business,19
32728,36,12.49,156.92,65102,13.87,637,11,45.47,OWN,debt_consolidation,5
22389,60,7.55,974.92,79026,5.64,614,11,21.23,RENT,small_business,10
23765,60,11.19,1026.63,22539,14.96,741,17,70.86,MORTGAGE,car,15
21225,36,10.72,377.67,146677,1.78,687,12,115.88,OWN,car,6
21389,36,6.96,531.2,143405,9.07,804,5,59.84,OWN,small_business,5
16954,60,9.64,390.82,167709,26.75,696,9,96.67,RENT,debt_consolidation,7
17482,36,16.69,959.88,54635,16.44,733,4,1.49,OWN,debt_consolidation,4
12362,36,19.17,689.25,105184,20.07,824,12,43.77,MORTGAGE,home_improvement,0
22730,36,9.0,270.92,21316,33.69,840,3,43.89,MORTGAGE,credit_card,1
24499,60,25.34,664.39,153154,6.84,652,9,100.46,OWN,credit_card,17
5809,60,14.08,232.34,157575,17.37,785,16,56.44,RENT,home_improvement,16
1935,60,21.24,824.75,175576,1.73,822,4,37.9,RENT,car,8
26351,60,12.24,60.25,73768,20.92,799,7,75.55,MORTGAGE,small_business,0
24710,36,11.61,1009.59,128426,8.18,661,4,115.59,RENT,credit_card,16
17850,60,16.3,144.64,63969,32.28,634,16,28.76,RENT,debt_consolidation,19
33981,36,27.84,110.55,24409,8.06,723,11,6.65,MORTGAGE,debt_consolidation,11
8684,60,27.92,1069.67,92778,27.48,789,16,71.46,MORTGAGE,car,15
23918,36,21.55,899.62,188324,12.17,672,2,57.1,OWN,debt_consolidation,14
23967,60,14.4,168.28,37085,20.47,759,7,63.49,OWN,debt_consolidation,7
8400,36,22.46,226.73,199706,10.69,706,4,16.25,MORTGAGE,car,2
20229,60,21.0,691.69,149385,1.74,601,6,1.38,MORTGAGE,small_business,1
14146,36,15.05,143.47,46823,4.91,598,18,72.3,RENT,debt_consolidation,10
13199,60,19.98,1133.25,47488,29.82,625,6,50.12,MORTGAGE,home_improvement,7
13424,36,17.2,694.52,116123,2.35,820,16,55.79,RENT,credit_card,15
28516,60,7.17,784.25,77943,29.43,819,14,27.21,MORTGAGE,small_business,18
22158,60,22.44,703.6,174782,6.48,725,10,52.56,OWN,home_improvement,16
13253,60,22.3,138.07,70034,4.78,821,12,101.22,RENT,small_business,17
30287,36,7.58,760.26,150768,0.92,633,17,11.82,OWN,car,9
17459,36,20.87,798.0,186826,3.02,747,6,2.73,MORTGAGE,car,7
13722,60,17.8,748.83,107941,6.45,791,9,95.54,MORTGAGE,debt_consolidation,2
27025,36,22.14,296.15,125311,14.88,641,2,8.76,RENT,credit_card,14
11704,60,21.57,437.41,94398,34.57,773,8,58.59,OWN,home_improvement,13
27026,60,13.38,966.04,35783,7.47,605,17,89.98,RENT,small_business,8
33969,60,26.45,850.2,133212,29.63,830,11,19.62,OWN,home_improvement,5
13991,36,13.06,529.94,103725,18.69,807,2,20.95,RENT,credit_card,10
6515,36,18.2,185.69,23447,22.66,600,7,50.53,RENT,debt_consolidation,4
9150,36,16.34,211.96,96859,1.68,609,4,65.2,OWN,debt_consolidation,16
20520,60,14.51,906.83,77824,31.98,725,8,9.22,OWN,debt_consolidation,7
27536,36,13.07,1098.88,110914,13.46,732,5,101.72,RENT,car,6
8697,60,13.23,133.37,157711,19.34,839,14,59.29,MORTGAGE,car,13
24650,60,26.68,841.87,93118,14.59,662,12,112.72,MORTGAGE,small_business,17
6126,60,18.27,369.16,106889,4.06,834,3,100.81,RENT,car,10
8848,36,22.99,928.02,98886,17.08,802,8,22.1,RENT,debt_consolidation,16
30305,60,19.5,618.83,77942,20.4,750,8,41.02,OWN,small_business,3
6939,60,8.27,466.58,150291,12.85,831,3,55.77,MORTGAGE,credit_card,13
6299,60,14.19,931.16,34052,13.85,731,3,66.23,OWN,car,1
16152,60,16.52,1032.35,143671,14.5,620,15,12.32,OWN,home_improvement,12
6197,60,8.26,169.99,182377,16.54,776,19,108.88,RENT,car,10
2449,36,14.03,696.13,56763,8.56,774,16,57.95,RENT,credit_card,15
5232,36,15.56,561.32,108393,9.83,692,4,98.4,RENT,car,11
17968,60,20.6,1060.79,89447,19.68,834,14,31.37,OWN,home_improvement,11
19889,60,14.62,381.13,83452,28.42,801,14,62.37,RENT,car,11
27485,60,14.46,1074.08,158659,13.3,833,9,14.32,RENT,debt_consolidation,7
12344,36,8.51,208.28,166712,28.62,750,1,76.96,RENT,car,5
22153,60,8.38,397.72,77407,3.77,587,16,69.81,MORTGAGE,small_business,3
5790,60,25.81,1199.79,134687,24.27,677,15,31.0,OWN,home_improvement,7
17896,60,21.4,407.55,29275,24.71,615,7,0.88,OWN,debt_consolidation,16
21652,36,7.97,73.85,138339,12.04,760,9,90.03,RENT,small_business,12
4654,36,8.58,117.86,97568,33.74,599,8,14.1,RENT,home_improvement,3
25548,36,22.13,489.12,77858,9.4,698,6,43.1,RENT,car,6
15153,60,8.26,240.68,190955,1.89,829,1,67.58,MORTGAGE,credit_card,4
29365,60,24.11,249.98,65692,2.32,717,17,7.33,OWN,small_business,0
32259,36,24.83,650.43,111931,11.29,824,7,12.14,RENT,debt_consolidation,17
23173,36,7.56,1066.37,164210,21.64,603,8,37.4,MORTGAGE,debt_consolidation,0
23318,60,6.84,446.02,103574,28.6,787,17,20.64,OWN,car,6
6249,60,9.06,162.36,162242,30.45,757,6,104.09,OWN,small_business,5
3895,60,16.06,932.91,63953,10.51,728,6,100.31,MORTGAGE,car,6
23588,60,16.61,639.13,155960,9.33,717,13,10.14,RENT,debt_consolidation,8
14629,60,8.6,516.06,139024,26.91,673,17,94.93,RENT,small_business,16
20915,36,17.99,1176.0,132661,7.24,599,13,84.92,OWN,debt_consolidation,16
21411,60,14.01,590.97,52800,15.13,665,6,57.18,MORTGAGE,small_business,18
20508,36,22.34,390.71,130415,10.14,662,15,83.85,OWN,home_improvement,10
10764,36,26.42,799.54,134190,33.54,681,7,20.29,RENT,debt_consolidation,9
26851,36,8.45,1163.07,52208,27.03,708,10,86.77,OWN,small_business,17
4631,36,24.06,394.9,146559,13.39,590,2,116.65,MORTGAGE,credit_card,1
1661,36,7.8,181.37,55377,26.69,710,6,71.4,RENT,car,3
30075,60,16.93,1064.57,46710,8.42,781,13,1.41,RENT,credit_card,6
33347,60,23.21,816.86,128640,12.22,596,14,114.0,MORTGAGE,debt_consolidation,16
27910,36,22.02,892.41,133944,20.56,814,7,42.38,MORTGAGE,small_business,19
6495,60,23.05,822.53,69577,21.11,591,4,42.2,MORTGAGE,debt_consolidation,8
12664,60,27.52,1131.74,185756,25.36,619,9,54.1,MORTGAGE,home_improvement,18
11831,36,18.86,765.66,98253,25.28,649,16,54.44,MORTGAGE,home_improvement,2
25566,36,18.43,735.81,133765,31.51,782,9,52.89,MORTGAGE,credit_card,6
26785,60,25.96,837.58,53941,14.76,714,16,50.58,RENT,debt_consolidation,8
31313,60,21.45,92.9,64560,14.49,746,17,83.76,MORTGAGE,credit_card,1
17999,36,26.53,451.02,121383,28.2,594,11,10.7,MORTGAGE,small_business,12
14281,36,9.95,675.07,88305,20.7,736,17,74.7,RENT,debt_consolidation,3
34402,60,26.88,801.22,97229,25.1,750,12,30.34,OWN,debt_consolidation,4
29129,36,12.65,120.36,172975,31.41,637,4,57.02,RENT,debt_consolidation,14
1207,60,9.9,719.53,184805,12.28,840,5,62.19,RENT,home_improvement,0
11207,60,17.24,125.53,190236,13.58,812,6,101.1,MORTGAGE,car,9
2802,60,22.02,689.88,134049,22.28,685,19,29.0,RENT,home_improvement,8
33726,36,6.91,1188.44,120477,30.46,773,6,86.48,OWN,home_improvement,7
7828,36,23.81,644.99,196120,11.7,769,3,72.5,RENT,home_improvement,19
20953,36,20.17,573.66,33792,2.41,609,14,82.68,OWN,car,5
14379,36,5.74,252.78,124794,2.1,779,9,40.69,OWN,car,11
2551,36,9.3,326.62,170245,15.92,765,16,32.06,RENT,credit_card,16
3708,36,24.63,921.79,64828,31.84,800,6,82.72,OWN,debt_consolidation,18
33463,36,15.9,1183.16,150742,16.89,757,16,46.55,MORTGAGE,debt_consolidation,4
15482,60,9.37,1066.32,117764,7.4,647,4,94.53,MORTGAGE,debt_consolidation,16
27170,60,8.9,243.42,66360,29.23,844,1,99.1,OWN,debt_consolidation,9
32186,36,12.01,574.27,173230,19.58,836,4,108.42,MORTGAGE,small_business,14
2657,36,16.98,764.3,167899,10.05,648,10,77.75,RENT,debt_consolidation,9
22061,60,15.62,739.38,191064,26.49,661,1,17.59,MORTGAGE,debt_consolidation,16
16228,36,20.01,796.18,154718,14.07,596,8,87.74,OWN,small_business,9
19103,36,13.73,423.34,129997,19.91,790,15,9.0,RENT,credit_card,17
10343,60,8.71,631.38,145050,10.59,805,10,86.76,MORTGAGE,small_business,15
5552,36,21.8,530.2,139829,32.21,773,16,14.32,RENT,debt_consolidation,10
32222,60,24.28,438.8,161636,18.44,670,15,22.73,OWN,credit_card,5
14136,60,20.45,1122.06,135256,4.45,660,5,73.98,MORTGAGE,home_improvement,3
25885,36,9.84,668.0,185211,16.63,782,6,81.44,MORTGAGE,debt_consolidation,6
15042,60,9.81,742.58,90499,5.58,804,9,47.55,MORTGAGE,credit_card,10
19981,36,21.42,87.22,119423,15.54,681,10,109.42,RENT,debt_consolidation,16
4306,60,6.06,261.5,30705,29.41,703,13,97.05,OWN,debt_consolidation,16
15139,36,12.26,1150.1,184230,12.04,800,4,114.95,OWN,home_improvement,1
27015,36,10.36,783.99,67838,33.15,721,2,24.42,OWN,credit_card,6
29379,60,17.16,443.32,88147,25.74,691,9,34.39,RENT,car,6
34377,36,7.47,591.92,199819,8.07,827,19,117.9,MORTGAGE,debt_consolidation,18
31306,36,9.63,122.47,88737,8.86,580,5,28.57,OWN,credit_card,13
15489,60,16.33,506.1,161072,3.65,734,3,72.67,OWN,small_business,0
8206,60,17.3,884.53,87745,23.68,810,9,13.17,RENT,small_business,8
33606,36,20.2,620.54,47559,12.58,696,19,96.26,OWN,small_business,19
30545,36,18.78,648.81,96488,16.49,636,3,32.94,OWN,car,7
13828,60,21.31,271.96,173079,9.84,623,4,50.36,OWN,car,18
34996,60,22.1,627.47,82363,17.34,621,13,114.71,MORTGAGE,home_improvement,5
10417,36,9.67,815.51,34837,18.79,619,4,62.64,OWN,home_improvement,15
26876,36,6.4,789.99,142475,14.65,738,13,37.32,OWN,small_business,18
11682,60,10.94,1113.26,85355,14.66,842,6,9.53,OWN,small_business,12
34536,60,8.5,866.81,194732,0.42,658,9,14.89,RENT,car,13
8970,60,20.75,789.2,185992,24.57,727,3,92.46,MORTGAGE,home_improvement,5
31932,36,21.59,287.67,178578,9.69,715,10,79.07,MORTGAGE,home_improvement,1
34002,36,22.4,558.07,111471,15.58,791,3,70.78,MORTGAGE,debt_consolidation,19
1859,36,23.68,170.89,24234,20.48,704,8,23.21,MORTGAGE,car,15
32348,60,27.2,1012.87,145982,18.61,584,4,68.32,RENT,small_business,13
20363,60,6.59,550.87,130866,26.31,616,17,107.04,MORTGAGE,small_business,0
31678,36,13.73,823.69,115379,24.75,843,7,52.24,MORTGAGE,home_improvement,2
17661,60,17.49,893.95,63552,4.51,813,5,19.52,OWN,credit_card,16
24355,36,22.34,1053.28,181108,24.5,806,5,36.22,RENT,home_improvement,6
2757,36,13.83,143.62,41294,25.26,722,17,9.73,MORTGAGE,home_improvement,18
32358,60,25.84,882.71,72634,12.17,788,18,99.36,MORTGAGE,debt_consolidation,15
27215,60,7.06,1136.1,92941,29.6,710,2,95.07,MORTGAGE,car,12
23867,60,13.98,377.93,119427,15.66,687,5,60.05,OWN,debt_consolidation,6
4797,36,23.0,1034.75,37882,11.6,622,3,106.8,OWN,home_improvement,18
1141,36,13.54,856.8,74345,5.87,664,11,84.83,RENT,credit_card,17
1691,36,14.54,911.74,37013,0.34,819,3,105.55,OWN,car,19
3035,36,10.35,911.03,166164,7.69,787,14,8.62,RENT,home_improvement,17
31009,60,19.31,207.29,185375,18.81,733,15,66.15,RENT,home_improvement,3
25578,60,12.79,659.37,174115,26.06,791,5,39.23,OWN,home_improvement,2
5079,60,20.02,139.16,86345,2.66,667,9,79.25,MORTGAGE,credit_card,15
1901,60,14.63,151.63,28000,14.84,626,5,43.08,OWN,credit_card,14
19678,60,19.69,1168.14,24236,16.96,790,18,26.04,OWN,small_business,6
17766,60,11.05,1159.75,56530,18.43,847,2,62.69,MORTGAGE,credit_card,16
4738,60,25.11,838.8,58718,32.22,711,5,57.04,OWN,small_business,16
17972,60,23.34,864.99,47156,9.65,589,15,97.21,RENT,small_business,12
8491,36,12.45,562.46,77300,2.21,608,19,74.57,OWN,small_business,13
29211,36,12.12,408.78,39650,27.0,711,17,109.63,OWN,debt_consolidation,12
30504,36,22.51,617.54,127018,23.91,797,12,113.04,OWN,home_improvement,15
4159,60,11.04,1165.98,88483,26.36,673,18,3.23,MORTGAGE,car,10
33092,36,11.64,450.43,187631,28.01,666,19,43.14,OWN,small_business,17
22732,36,27.77,472.14,20254,19.79,635,11,85.1,OWN,credit_card,0
23473,60,16.32,538.33,80188,28.55,728,9,52.82,MORTGAGE,home_improvement,5
19354,60,27.51,383.18,118760,27.16,724,5,52.11,MORTGAGE,small_business,17
29074,60,20.72,789.32,199594,4.35,742,6,97.23,MORTGAGE,home_improvement,4
33182,36,18.58,312.34,29185,32.49,794,11,17.51,OWN,home_improvement,2
11582,36,15.99,946.29,85355,34.11,657,8,33.05,RENT,home_improvement,16
16036,36,7.21,1199.88,153293,16.1,709,18,82.6,RENT,small_business,11
1785,60,20.32,1134.4,102299,31.23,781,11,98.01,MORTGAGE,debt_consolidation,17
19845,36,19.15,58.25,184695,5.58,809,11,94.95,MORTGAGE,home_improvement,7
7470,60,16.03,978.24,40575,21.26,632,12,61.61,RENT,debt_consolidation,7
19425,60,17.74,261.63,185233,3.74,642,16,91.82,OWN,home_improvement,1
22038,60,12.37,559.8,68777,24.1,668,4,72.09,RENT,home_improvement,6
11451,36,12.75,657.24,54626,11.63,754,6,36.23,MORTGAGE,car,0
9767,60,23.04,1053.5,51712,25.45,801,8,21.1,OWN,home_improvement,11
3811,36,12.36,510.86,184599,16.33,597,2,60.68,OWN,small_business,4
8357,60,21.73,631.04,113481,14.5,791,3,77.72,RENT,small_business,9
29482,60,7.71,802.63,131027,34.4,664,19,35.92,RENT,credit_card,12
18796,36,13.98,248.32,95623,14.6,698,18,19.32,MORTGAGE,small_business,11
25881,60,5.58,712.1,36110,18.71,809,18,85.8,OWN,car,13
9335,36,17.03,808.79,186574,21.45,845,7,3.09,OWN,credit_card,14
32024,60,9.9,667.64,33805,1.72,682,18,7.77,MORTGAGE,car,12
26380,36,12.25,214.25,91121,10.27,690,11,117.86,RENT,car,15
13330,36,18.07,357.71,176714,34.49,619,17,14.59,MORTGAGE,credit_card,19
4648,36,12.15,113.99,193804,3.84,623,1,84.61,OWN,credit_card,17
31835,36,20.34,1128.69,95593,20.18,591,7,72.5,OWN,debt_consolidation,10
12777,60,26.01,455.4,39887,27.3,765,12,91.75,RENT,small_business,0
11878,60,15.0,250.74,124389,23.37,601,6,81.34,RENT,small_business,0
8226,60,16.63,193.11,33950,15.27,765,17,97.6,OWN,car,1
3176,36,16.49,708.21,147446,33.25,614,3,115.98,OWN,credit_card,1
10111,36,25.85,177.06,92968,4.66,786,12,86.04,RENT,car,12
10587,60,15.55,1030.17,55980,26.32,739,8,21.56,OWN,small_business,4
32831,36,26.85,1113.17,182590,7.69,673,10,4.41,OWN,credit_card,14
19268,60,20.8,281.64,128093,28.58,668,4,57.56,MORTGAGE,small_business,15
26662,60,11.26,402.08,58639,25.63,834,15,99.58,RENT,debt_consolidation,9
23927,60,19.74,425.87,61813,26.41,812,19,13.44,OWN,small_business,2
33263,36,19.89,457.0,154817,24.35,728,7,59.36,MORTGAGE,car,3
25162,36,19.96,487.4,176371,15.63,848,16,91.24,MORTGAGE,small_business,3
21389,60,15.02,409.94,183150,23.07,828,16,18.79,MORTGAGE,car,12
13205,60,18.88,333.4,85152,9.75,794,18,97.91,OWN,small_business,0
31966,60,6.04,287.8,191848,10.06,847,17,49.6,RENT,small_business,4
8211,60,22.58,373.21,143469,9.79,775,2,46.32,OWN,debt_consolidation,5
13112,60,15.58,354.4,52205,15.09,692,8,6.27,MORTGAGE,debt_consolidation,6
10200,36,24.24,407.7,166273,31.34,758,12,68.76,OWN,debt_consolidation,0
17087,60,18.92,653.16,190352,12.51,736,9,8.78,OWN,debt_consolidation,2
5025,60,5.88,687.9,140491,19.83,608,8,6.57,RENT,small_business,5
15232,36,16.12,1093.33,147113,20.43,849,17,53.56,RENT,car,1
12329,36,9.58,469.84,140779,20.79,733,7,4.61,MORTGAGE,home_improvement,3
23800,36,26.87,414.08,23667,2.7,778,13,23.51,OWN,debt_consolidation,13
11293,36,17.02,904.23,155187,34.08,633,14,59.96,OWN,car,5
26064,60,19.2,1086.69,138247,26.25,778,5,46.04,MORTGAGE,home_improvement,0
24666,60,15.56,838.69,122839,24.44,794,7,23.24,OWN,car,4
13676,60,9.18,491.95,156663,6.69,817,7,55.86,MORTGAGE,debt_consolidation,18
2094,60,17.97,197.52,159787,19.72,750,16,41.98,MORTGAGE,credit_card,9
24524,60,15.71,594.35,53033,2.42,590,5,91.95,OWN,small_business,5
24393,60,10.23,89.56,82496,3.06,747,2,52.76,OWN,home_improvement,1
29001,60,15.05,975.74,102158,26.41,667,9,28.33,OWN,small_business,11
19509,36,25.23,663.84,149523,22.88,584,10,19.26,RENT,debt_consolidation,1
16149,60,21.57,335.97,131129,27.62,595,12,119.39,RENT,car,16
21080,36,21.74,672.23,22420,24.14,808,13,42.82,OWN,car,6
11966,36,12.73,760.67,161794,24.7,811,3,76.28,MORTGAGE,credit_card,18
25035,60,23.44,535.28,143934,2.27,590,14,100.81,OWN,home_improvement,1
28202,60,22.27,328.41,38733,2.06,654,2,58.56,MORTGAGE,credit_card,10
11488,36,19.24,1160.35,199712,13.03,823,14,30.25,OWN,small_business,6
18209,60,13.5,232.13,23311,21.22,786,13,22.77,OWN,home_improvement,0
29835,60,17.32,769.21,72233,26.88,739,14,86.66,OWN,car,18
5358,36,10.55,645.52,111353,12.77,653,18,85.55,MORTGAGE,car,4
9155,36,22.23,1075.32,28484,20.54,756,19,32.38,OWN,home_improvement,2
13588,60,6.27,967.93,111145,17.99,624,11,56.9,RENT,credit_card,14
12951,36,7.29,1001.04,43268,14.06,846,15,5.64,OWN,home_improvement,7
14109,36,14.6,458.64,133318,31.07,581,18,100.87,OWN,home_improvement,5
8619,36,8.3,219.69,130947,2.71,625,10,65.07,OWN,debt_consolidation,0
33916,60,5.63,1159.47,178772,26.41,667,14,36.5,MORTGAGE,debt_consolidation,3
7142,60,10.58,938.9,32521,27.25,809,4,42.2,RENT,home_improvement,19
23908,36,6.82,409.96,196928,7.03,698,15,41.75,RENT,credit_card,2
6247,60,26.83,883.04,155627,22.65,794,10,101.89,OWN,car,18
11738,36,8.39,359.62,119108,6.86,790,6,104.61,OWN,car,15
15821,60,24.46,808.66,22017,15.25,844,17,81.43,RENT,small_business,9
20624,36,23.11,845.51,27661,10.79,810,13,53.25,OWN,car,17
5173,36,18.81,790.77,136558,30.83,701,6,49.72,OWN,credit_card,9
17198,60,9.15,679.12,165942,26.69,801,7,8.78,MORTGAGE,debt_consolidation,11
27140,60,22.52,1006.7,89260,23.89,743,7,56.67,MORTGAGE,small_business,10
23925,36,21.68,296.1,34987,17.92,686,8,25.85,OWN,home_improvement,4
23671,36,12.99,838.29,179183,26.36,811,5,84.0,OWN,home_improvement,11
10768,36,13.52,737.99,105443,4.06,705,10,77.17,MORTGAGE,credit_card,4
3933,36,19.77,1149.59,122082,17.35,613,3,100.94,MORTGAGE,small_business,4
13392,36,26.18,489.47,190097,1.83,597,16,3.72,RENT,car,11
23736,36,18.54,573.55,104194,28.86,801,4,94.93,MORTGAGE,credit_card,8
19156,60,17.18,1169.28,105049,1.49,818,17,10.08,RENT,home_improvement,4
4642,60,16.2,976.0,124794,17.74,830,14,33.16,OWN,car,17
25594,60,27.94,406.77,46990,10.63,777,2,81.51,MORTGAGE,car,11
22295,60,25.78,948.68,194053,20.43,772,11,17.97,RENT,small_business,8
21360,60,27.85,397.91,64974,34.23,706,19,9.58,MORTGAGE,credit_card,14
32312,36,5.8,934.2,49681,23.43,767,15,78.58,OWN,small_business,19
25160,36,16.74,590.76,40311,18.87,821,19,119.38,MORTGAGE,car,15
15820,36,22.99,109.55,172935,23.42,648,15,83.36,MORTGAGE,small_business,19
30265,36,11.18,994.97,153098,4.36,838,19,41.76,OWN,home_improvement,5
18727,36,21.62,704.55,60286,15.69,781,4,50.96,MORTGAGE,credit_card,4
1203,36,21.41,1125.35,100535,5.55,731,8,9.83,RENT,credit_card,19
30320,60,6.14,618.93,88460,3.78,846,17,47.04,OWN,debt_consolidation,18
5090,36,25.78,261.83,156302,30.11,798,19,6.9,OWN,car,5
22777,60,8.82,1154.85,180302,25.79,594,3,92.33,OWN,debt_consolidation,16
4744,36,26.07,403.57,145462,5.09,631,8,83.49,OWN,small_business,16
22834,36,20.23,339.81,153993,16.84,702,7,77.15,MORTGAGE,car,14
7370,36,8.69,257.34,62530,15.75,620,5,60.44,RENT,car,2
3378,60,21.75,1098.14,187517,13.83,652,14,44.27,MORTGAGE,car,19
34905,60,24.0,445.8,83535,16.56,812,8,34.49,MORTGAGE,credit_card,17
28788,60,20.63,707.15,33987,33.82,816,5,9.11,OWN,car,19
14507,36,19.87,420.18,143938,25.26,613,4,75.05,OWN,home_improvement,8
25981,60,23.73,799.64,144453,27.19,740,15,111.23,RENT,car,3
27177,36,17.03,721.3,73639,31.25,586,4,22.63,MORTGAGE,car,6
30033,36,27.88,801.25,98807,19.34,637,19,110.08,RENT,car,9
33479,36,9.02,334.45,179860,15.18,734,1,35.74,MORTGAGE,home_improvement,18
26817,60,7.25,210.31,151108,22.7,605,9,15.4,RENT,debt_consolidation,2
4342,36,15.1,952.45,124319,7.35,769,7,49.41,RENT,car,14
10890,60,23.56,966.08,177562,31.94,685,1,61.42,MORTGAGE,debt_consolidation,5
8031,36,11.07,531.92,120992,7.57,728,9,49.44,OWN,car,19
24225,60,12.66,207.55,22991,27.13,830,17,4.6,MORTGAGE,small_business,12
5000,60,27.14,1055.2,170990,17.89,695,15,113.58,MORTGAGE,car,7
13180,36,26.08,1108.88,38206,0.77,738,3,104.7,MORTGAGE,credit_card,3
4051,36,27.13,527.42,174220,10.72,661,12,7.87,MORTGAGE,home_improvement,18
25427,36,26.64,345.12,126937,26.59,716,17,45.98,OWN,car,16
19814,60,7.58,407.41,188361,18.03,782,11,19.88,RENT,credit_card,4
5583,36,21.01,298.71,85138,0.39,687,13,91.73,RENT,credit_card,6
4558,36,7.04,859.32,21722,13.16,587,19,106.48,RENT,small_business,9
33082,36,26.11,176.11,47386,1.52,791,5,10.49,MORTGAGE,small_business,19
13867,60,15.27,545.77,83872,15.54,740,18,94.27,RENT,credit_card,2
20623,60,16.15,377.77,47003,16.1,728,9,72.4,RENT,small_business,6
22642,60,14.6,484.31,56087,20.29,832,16,15.34,RENT,small_business,4
11770,60,23.59,365.76,157159,14.05,786,4,1.58,RENT,small_business,11
14767,60,14.87,1126.26,41530,27.94,609,8,86.7,OWN,small_business,13
9996,60,20.88,459.85,125985,17.1,630,19,45.43,MORTGAGE,home_improvement,15
4373,60,14.64,739.19,70106,24.94,587,8,10.21,RENT,car,18
1082,60,23.83,668.95,187461,0.65,740,8,38.84,OWN,home_improvement,11
7767,60,6.34,134.95,43547,1.87,589,10,21.86,OWN,debt_consolidation,6
3843,60,15.09,884.33,90291,34.5,587,1,81.6,RENT,home_improvement,10
17014,36,10.87,915.96,76437,14.76,704,10,98.29,MORTGAGE,credit_card,3
21810,36,6.47,1032.33,122331,21.29,793,11,30.78,MORTGAGE,small_business,6
12302,60,18.76,693.95,44544,5.62,782,5,21.81,OWN,credit_card,15
10221,60,13.7,536.25,105223,23.69,826,7,78.6,MORTGAGE,car,6
30100,60,8.5,63.73,39638,22.16,786,18,111.56,RENT,home_improvement,12
26547,60,11.67,1177.64,98588,16.01,715,6,66.23,RENT,small_business,13
6772,60,13.88,926.18,84102,23.33,610,13,92.79,OWN,small_business,3
23794,36,27.06,416.71,184408,10.83,816,3,19.45,MORTGAGE,debt_consolidation,17
8674,60,17.47,727.75,190838,15.83,660,13,4.39,MORTGAGE,debt_consolidation,14
1389,36,8.71,874.29,157011,33.39,626,4,22.24,MORTGAGE,credit_card,0
4713,36,9.43,835.86,92024,20.55,644,8,110.29,MORTGAGE,debt_consolidation,9
28048,36,6.37,952.02,58636,11.03,798,18,107.78,MORTGAGE,debt_consolidation,12
30084,36,12.85,444.74,182135,7.38,761,11,64.46,RENT,credit_card,4
27212,60,16.21,273.83,193418,7.54,744,14,103.17,MORTGAGE,credit_card,3
29173,60,20.67,1193.9,64327,33.17,807,5,31.36,RENT,credit_card,0
2925,60,20.33,1194.45,118162,25.9,842,18,30.53,OWN,small_business,7
9519,60,27.23,147.66,98655,4.24,819,18,88.79,OWN,debt_consolidation,9
12357,60,25.12,1151.17,198615,18.0,802,5,119.36,OWN,home_improvement,4
19880,60,22.51,948.15,90561,18.12,698,12,71.55,OWN,car,11
30964,60,5.82,231.63,43071,27.1,674,8,49.55,OWN,small_business,6
24551,60,20.39,449.58,67611,13.99,681,5,10.02,RENT,small_business,18
13721,60,9.75,1085.98,137016,24.53,651,17,62.36,MORTGAGE,debt_consolidation,18
33088,36,19.0,1192.84,128720,7.0,719,18,38.45,MORTGAGE,credit_card,18
5627,60,23.51,208.61,58488,26.76,693,18,16.81,OWN,credit_card,19
28388,36,16.29,79.96,24659,15.67,715,19,57.85,MORTGAGE,debt_consolidation,8
20041,36,18.52,915.57,51536,9.09,782,19,37.23,OWN,small_business,14
20115,36,17.96,169.14,90656,33.85,759,9,104.65,OWN,credit_card,18
7511,36,12.29,450.94,67754,20.03,848,16,66.42,OWN,credit_card,15
24248,60,14.09,243.87,159352,22.71,670,18,57.2,RENT,credit_card,15
20255,36,19.69,892.51,24909,0.68,686,16,74.22,OWN,debt_consolidation,1
24776,60,13.63,591.68,81549,29.54,593,7,111.78,OWN,credit_card,11
34159,36,8.2,579.49,100169,33.07,598,10,50.71,RENT,car,13
23439,60,9.55,1150.52,172382,0.72,655,4,81.56,RENT,debt_consolidation,7
10346,36,9.3,675.57,97831,30.27,696,18,45.96,MORTGAGE,small_business,14
3983,36,22.56,583.91,188939,19.26,796,12,1.68,OWN,debt_consolidation,10
26338,60,23.09,708.11,64867,11.11,785,13,9.42,OWN,small_business,3
19227,60,19.37,678.48,32651,11.19,604,3,17.44,RENT,car,6
27911,36,14.38,663.5,36328,3.76,668,19,45.53,RENT,home_improvement,18
32890,60,16.48,333.88,54563,28.74,772,17,5.03,OWN,credit_card,16
20097,36,9.94,972.5,95614,15.43,654,12,68.53,MORTGAGE,debt_consolidation,9
12534,36,13.35,545.56,121223,5.42,580,6,61.68,RENT,debt_consolidation,6
8295,60,19.69,368.93,109610,33.86,771,3,64.39,RENT,small_business,1
11267,60,23.09,1039.79,199252,17.11,812,2,17.84,RENT,debt_consolidation,4
3612,60,27.83,1136.71,65984,19.53,827,18,35.83,OWN,debt_consolidation,19
3539,36,11.12,484.57,92053,10.64,588,17,119.76,OWN,debt_consolidation,17
12411,60,12.22,1031.12,73441,33.6,675,7,106.0,OWN,credit_card,2
18376,60,13.29,722.14,128327,21.65,803,18,7.66,RENT,home_improvement,4
29047,36,21.76,529.23,50697,28.85,676,15,7.76,OWN,car,14
27955,36,26.08,295.14,126446,11.22,615,19,106.43,OWN,home_improvement,0
29933,36,23.57,115.09,50496,4.13,586,19,51.02,MORTGAGE,car,7
27698,60,18.03,1032.73,98996,20.13,826,1,41.04,RENT,credit_card,7
1507,36,17.07,474.12,164561,22.88,658,15,101.52,MORTGAGE,small_business,18
24247,36,20.57,588.82,131761,23.3,848,6,83.92,RENT,credit_card,15
16282,60,23.73,674.77,125850,32.61,632,6,6.84,RENT,small_business,9
9258,36,20.56,710.36,37077,19.62,835,11,14.17,MORTGAGE,car,0
20019,60,20.34,407.27,164973,18.32,845,12,95.46,MORTGAGE,debt_consolidation,8
28355,36,17.38,1170.89,69119,34.04,686,4,38.7,OWN,debt_consolidation,12
14945,36,17.58,971.67,119499,31.13,632,4,37.54,RENT,car,14
25272,60,16.24,794.34,123101,15.03,784,16,6.82,RENT,car,15
22951,60,6.84,831.7,115595,12.6,684,2,6.74,RENT,small_business,10
23742,60,27.77,1047.64,119209,2.18,755,12,101.47,RENT,debt_consolidation,14
2589,60,15.46,1053.27,59266,17.69,691,3,97.47,MORTGAGE,small_business,0
5757,60,15.13,70.93,90775,10.21,625,2,37.48,MORTGAGE,credit_card,1
16886,60,25.55,297.07,125716,3.33,778,13,23.6,MORTGAGE,home_improvement,12
23195,60,23.87,794.69,41643,8.86,818,13,22.94,RENT,credit_card,3
26966,36,6.71,899.11,81645,18.16,768,4,58.61,OWN,debt_consolidation,7
14392,36,10.4,781.34,121261,12.77,655,1,14.53,RENT,small_business,19
20288,60,7.33,1068.08,79529,32.96,729,14,21.53,MORTGAGE,debt_consolidation,13
15025,60,27.69,727.03,38610,5.64,846,15,41.71,MORTGAGE,car,12
23190,60,21.89,317.69,52835,2.35,839,10,9.64,RENT,car,1
31908,36,23.8,520.78,24840,26.08,706,18,100.38,MORTGAGE,car,18
33598,36,7.39,1156.01,177889,19.9,622,1,22.55,OWN,home_improvement,13
2058,60,20.67,1176.11,44641,15.4,710,1,19.86,RENT,car,8
14224,36,18.12,1041.88,93803,16.54,748,11,8.52,MORTGAGE,home_improvement,6
12130,36,12.45,182.95,192781,10.93,592,4,69.19,OWN,debt_consolidation,9
34380,60,27.99,772.74,38888,26.77,831,3,29.6,RENT,debt_consolidation,0
4636,36,20.59,905.85,121154,24.54,674,11,70.03,MORTGAGE,home_improvement,15
30546,36,15.11,760.08,141915,3.63,727,18,99.55,RENT,credit_card,13
23191,60,15.94,848.22,88702,7.95,735,12,47.96,MORTGAGE,home_improvement,14
26582,36,16.57,772.5,101119,12.06,677,1,113.7,MORTGAGE,car,5
32968,60,11.15,847.27,167171,23.98,677,13,79.43,OWN,credit_card,3
12795,60,19.29,863.67,149412,19.55,821,7,109.62,MORTGAGE,credit_card,5
13298,60,24.85,530.5,99882,30.13,663,14,87.11,MORTGAGE,small_business,2
14878,60,16.09,672.92,139645,17.47,617,9,22.04,MORTGAGE,debt_consolidation,2
26470,36,23.65,300.79,101468,10.31,720,8,65.52,MORTGAGE,small_business,13
4596,60,23.75,719.29,46620,28.63,743,18,5.48,OWN,home_improvement,9
12593,60,21.34,1080.22,133585,22.05,836,4,70.91,RENT,debt_consolidation,0
12738,60,24.43,732.51,74697,8.34,651,9,87.03,RENT,debt_consolidation,8
11211,60,12.99,291.83,137183,1.2,768,6,108.62,OWN,small_business,2
34270,36,8.71,1169.27,146652,9.06,759,19,106.09,MORTGAGE,home_improvement,2
2651,36,14.83,586.06,170740,34.77,685,15,71.52,OWN,credit_card,19
23192,60,26.76,1141.74,132355,26.29,686,12,119.48,MORTGAGE,small_business,19
6656,60,17.46,801.45,44502,28.97,842,16,59.56,RENT,car,9
25519,36,22.97,1067.08,125424,23.68,589,15,5.21,RENT,car,2
5652,36,6.51,685.11,62973,23.21,744,2,42.02,OWN,car,7
7873,36,17.82,768.44,122995,20.45,618,8,51.72,MORTGAGE,debt_consolidation,10
28649,36,16.89,1074.49,166874,16.71,584,18,8.9,RENT,home_improvement,17
17061,60,14.57,1118.43,166362,7.02,647,12,45.29,RENT,small_business,15
33352,36,6.72,496.18,49948,14.39,588,13,20.16,OWN,credit_card,13
3563,36,23.41,103.22,95761,1.05,753,1,50.39,OWN,home_improvement,15
19711,60,24.82,643.67,160741,33.19,767,10,43.53,MORTGAGE,home_improvement,3
33320,60,7.58,699.89,141946,13.05,757,18,21.47,MORTGAGE,home_improvement,4
2998,36,5.89,554.18,45617,31.21,658,13,43.96,RENT,car,11
34282,60,6.99,746.91,76284,31.15,607,11,68.6,RENT,credit_card,2
9876,36,8.56,1157.26,84344,3.18,836,18,54.54,MORTGAGE,small_business,16
17527,36,12.79,970.95,139837,21.6,715,1,77.55,RENT,small_business,15
6901,36,20.76,1083.99,175387,17.63,708,14,113.32,RENT,small_business,2
16343,60,21.93,360.98,91473,10.01,672,10,55.52,OWN,car,16
4471,60,23.66,394.65,92940,26.61,800,16,76.87,MORTGAGE,debt_consolidation,14
22447,36,27.13,820.31,180152,22.06,806,5,56.34,MORTGAGE,credit_card,2
27806,36,21.68,346.43,131342,18.81,611,11,110.44,MORTGAGE,home_improvement,1
24834,60,19.43,185.81,51391,26.93,687,9,31.34,MORTGAGE,small_business,1
14703,36,27.67,233.15,41545,27.45,736,1,23.0,OWN,debt_consolidation,16
5886,36,22.86,104.99,182434,10.47,718,14,68.73,RENT,credit_card,19
3936,36,27.07,802.5,64377,7.65,831,16,63.81,MORTGAGE,car,0
28500,60,14.39,385.42,160487,6.06,615,5,46.46,OWN,home_improvement,7
29753,60,18.09,415.79,41694,32.56,615,9,41.25,RENT,credit_card,15
30127,36,27.24,1147.52,79207,2.64,696,17,29.89,RENT,debt_consolidation,7
15288,36,25.72,810.8,165893,3.06,768,15,82.79,OWN,car,15
9438,60,23.34,215.42,83252,17.97,786,17,21.19,MORTGAGE,car,10
2367,60,25.92,497.0,94712,18.43,588,19,104.72,RENT,credit_card,0
24929,60,22.63,189.41,104509,30.43,752,9,63.37,MORTGAGE,car,0
30197,60,5.58,1063.44,167712,10.17,760,14,45.4,MORTGAGE,credit_card,4
3591,60,11.27,806.09,43091,33.66,595,9,83.46,MORTGAGE,small_business,18
33265,60,23.63,251.07,88237,11.97,824,13,112.57,OWN,small_business,5
18633,36,15.42,234.34,61787,14.86,685,8,63.18,OWN,home_improvement,15
6486,60,27.69,1042.8,148215,21.37,713,14,76.05,MORTGAGE,car,16
23394,60,24.2,525.93,153018,33.69,580,18,103.73,OWN,home_improvement,4
29272,36,27.76,369.17,47774,10.32,755,18,89.07,MORTGAGE,car,6
9946,60,19.82,1054.77,179947,0.53,622,15,117.24,MORTGAGE,home_improvement,1
22386,36,19.01,613.55,162081,33.91,722,16,35.12,MORTGAGE,debt_consolidation,8
5760,60,19.62,1192.74,185392,0.68,751,5,54.11,RENT,car,17
26121,36,12.42,355.15,47328,26.69,690,15,114.41,MORTGAGE,credit_card,12
31232,36,20.91,1058.87,46178,6.79,653,17,48.51,MORTGAGE,car,7
24122,60,13.27,338.62,66293,2.09,733,18,17.33,RENT,car,8
20183,36,22.33,857.66,119909,4.76,603,15,99.52,MORTGAGE,small_business,13
21677,60,10.33,618.42,89833,9.87,580,10,44.25,MORTGAGE,car,14
20758,36,19.7,526.23,112916,26.13,802,2,18.35,OWN,debt_consolidation,16
21421,36,24.57,121.14,193908,0.95,696,16,89.6,MORTGAGE,credit_card,16
32551,60,16.0,1141.95,61347,6.29,802,3,22.3,RENT,small_business,8
21670,36,5.54,285.73,61274,29.91,755,5,110.31,OWN,car,4
1504,36,27.09,693.56,32017,29.4,696,16,88.35,MORTGAGE,credit_card,11
32966,60,12.47,573.95,28360,31.87,583,6,17.46,RENT,debt_consolidation,8
18569,60,12.04,1173.47,28769,8.82,687,1,112.38,MORTGAGE,credit_card,5
4627,60,10.77,950.77,194052,15.01,651,11,36.39,MORTGAGE,credit_card,18
31873,60,25.16,495.0,189271,10.86,682,1,16.58,RENT,credit_card,16
22067,60,18.24,652.31,92005,20.0,801,2,19.6,RENT,home_improvement,2
10689,60,13.29,884.62,157629,21.48,710,13,45.87,RENT,home_improvement,16
17538,60,25.38,338.09,89152,27.09,815,6,9.03,OWN,debt_consolidation,8
11143,60,24.02,1123.83,107892,22.31,645,8,46.63,MORTGAGE,car,3
9770,36,27.37,302.59,152714,15.58,759,17,28.02,OWN,credit_card,18
29940,36,17.44,1190.47,179412,19.66,726,1,57.62,OWN,car,3
13996,36,16.97,536.2,38064,5.68,805,12,27.2,RENT,credit_card,2
33298,36,23.71,417.22,177400,6.2,644,18,64.06,RENT,credit_card,12
6713,36,12.22,993.65,190386,25.65,814,18,65.93,OWN,credit_card,17
25704,60,25.45,763.13,137710,9.77,741,19,114.13,OWN,credit_card,18
3044,60,7.04,102.44,184529,32.74,652,11,54.75,OWN,credit_card,17
14456,60,11.07,1080.63,193846,31.66,666,14,46.06,OWN,credit_card,6
5006,60,27.16,245.36,60910,8.04,617,3,21.7,RENT,car,19
33330,60,22.27,101.2,35289,27.9,734,16,26.15,RENT,debt_consolidation,0
30231,36,15.89,261.81,30856,10.43,817,9,82.18,RENT,car,2
21309,36,12.11,497.99,32128,5.61,655,3,97.28,RENT,debt_consolidation,10
10916,60,12.54,275.9,29530,29.38,661,15,26.1,OWN,debt_consolidation,14
17023,60,9.31,60.48,48370,30.95,743,7,18.09,OWN,credit_card,8
25052,36,10.29,109.84,43135,29.6,683,15,31.47,OWN,small_business,2
20604,36,8.12,125.77,170856,9.68,714,2,16.29,OWN,home_improvement,5
3336,60,25.48,472.12,49018,23.13,597,9,95.66,OWN,home_improvement,12
24989,60,26.41,334.08,21634,23.29,761,12,62.55,RENT,small_business,12
24906,36,22.57,455.86,128609,2.16,787,19,68.56,RENT,small_business,14
26275,36,20.51,670.59,175846,31.15,674,11,62.41,RENT,home_improvement,9
5703,60,18.0,713.91,68001,20.02,688,14,104.85,RENT,car,3
17901,60,13.23,847.48,195627,1.23,628,5,95.81,OWN,home_improvement,1
6105,36,11.75,904.03,188892,32.82,626,11,37.27,OWN,small_business,6
19108,36,9.01,193.76,81353,16.44,609,4,39.37,MORTGAGE,small_business,15
34398,60,17.69,197.22,37798,2.21,620,19,84.89,RENT,small_business,10
12826,60,27.33,382.28,157295,21.26,685,5,113.72,RENT,debt_consolidation,4
34755,60,23.14,1007.84,192191,8.66,742,11,62.76,RENT,car,15
2629,36,11.17,853.66,35646,28.67,582,8,47.62,RENT,home_improvement,6
18570,36,17.55,191.63,161142,15.09,581,6,115.8,OWN,car,6
31049,36,21.93,736.83,190956,22.03,732,18,104.03,RENT,small_business,7
28005,36,26.97,182.7,157045,8.98,763,6,43.31,RENT,small_business,18
9848,36,22.67,701.84,36833,4.04,736,13,59.12,RENT,home_improvement,14
22684,36,23.5,327.09,143967,9.26,582,6,96.08,MORTGAGE,car,10
23999,60,19.51,395.18,122409,1.96,643,18,31.17,MORTGAGE,home_improvement,18
3695,36,20.54,581.3,100729,18.2,627,16,76.22,RENT,small_business,14
7588,36,18.53,1106.05,64291,5.36,638,7,100.6,RENT,small_business,19
30277,36,5.52,465.7,30786,20.82,747,10,119.47,OWN,small_business,8
22972,60,26.41,306.2,27304,12.07,812,13,47.22,RENT,credit_card,5
9547,36,6.07,811.97,186040,16.63,580,16,118.74,OWN,small_business,10
15693,60,25.84,579.86,28507,20.67,633,2,110.14,RENT,small_business,14
14076,36,7.46,584.21,47786,14.7,774,19,114.75,MORTGAGE,home_improvement,2
25736,60,24.52,1115.59,75258,24.04,747,1,70.49,RENT,credit_card,0
27660,60,20.93,81.62,88201,1.18,706,4,1.81,MORTGAGE,small_business,10
10741,60,20.58,127.02,28086,16.71,631,1,48.07,RENT,car,0
9070,36,14.71,296.72,47785,11.6,615,9,40.13,RENT,debt_consolidation,13
28877,60,13.15,167.33,127775,2.25,814,12,9.28,OWN,home_improvement,8
10130,36,23.57,412.91,29874,33.3,626,1,103.33,MORTGAGE,debt_consolidation,12
23626,36,22.38,981.15,153129,11.98,588,8,28.12,OWN,debt_consolidation,7
8994,60,23.0,155.27,114306,24.96,601,18,46.92,RENT,car,17
14074,60,11.09,706.35,151022,13.97,730,18,12.53,MORTGAGE,home_improvement,17
7371,60,20.79,929.36,67285,9.01,667,2,97.55,OWN,credit_card,4
27342,36,13.53,906.33,46627,2.92,749,2,67.04,RENT,car,15
7358,60,17.15,957.09,20209,28.93,625,12,102.28,OWN,car,12
4453,36,16.68,279.12,163894,17.7,585,8,61.87,OWN,debt_consolidation,1
7172,60,11.71,259.1,84108,19.5,661,12,49.32,MORTGAGE,small_business,2
17654,36,26.97,228.84,140763,4.78,610,10,78.3,MORTGAGE,small_business,9
23495,60,12.64,892.77,94922,25.58,637,13,48.06,RENT,home_improvement,7
4041,60,9.97,378.43,86403,4.82,621,3,47.02,RENT,home_improvement,6
6433,36,7.35,1098.57,130803,12.26,631,10,57.83,RENT,car,17
7980,36,21.48,320.84,59215,8.84,826,19,3.99,MORTGAGE,credit_card,13
23387,60,21.96,918.78,197144,2.41,583,14,33.97,RENT,home_improvement,15
12093,36,24.63,453.89,117013,2.58,596,3,45.45,RENT,car,0
2125,36,18.16,998.52,54946,12.56,589,17,117.45,OWN,car,4
33764,36,21.68,517.04,136359,23.2,623,17,15.76,MORTGAGE,home_improvement,16
23692,60,20.08,229.59,24718,15.97,798,4,108.92,MORTGAGE,home_improvement,18
2196,60,20.82,385.52,76485,4.86,591,14,70.85,OWN,credit_card,1
26934,60,11.16,894.57,149613,19.07,656,9,17.08,MORTGAGE,car,19
24874,60,27.02,893.74,162942,33.89,750,6,71.25,RENT,home_improvement,11
26731,60,18.59,156.28,62380,7.42,795,3,13.17,MORTGAGE,car,9
34576,36,6.34,962.31,43321,33.31,618,12,37.16,OWN,home_improvement,15
20023,60,9.73,559.77,67259,28.74,620,14,50.98,OWN,home_improvement,12
15256,60,19.3,1153.23,168010,3.56,754,10,105.51,OWN,small_business,1
10503,60,15.13,570.7,116816,32.12,669,5,11.66,MORTGAGE,home_improvement,2
20008,36,16.28,413.46,49519,24.6,683,8,62.42,OWN,debt_consolidation,6
20991,36,23.03,1147.37,105990,30.74,597,13,62.13,OWN,debt_consolidation,14
25729,36,15.66,1197.93,99486,15.5,816,6,42.15,MORTGAGE,small_business,9
8851,60,5.82,786.3,108970,3.3,600,16,98.46,MORTGAGE,small_business,11
17753,36,19.03,539.96,166398,27.13,583,16,42.0,OWN,car,14
8370,36,7.63,385.0,146048,32.69,707,15,36.68,MORTGAGE,car,18
14001,60,25.37,928.07,97400,31.06,632,18,79.87,RENT,debt_consolidation,6
32065,36,23.9,67.95,82546,2.54,690,2,93.99,OWN,credit_card,17
6571,36,18.63,599.77,44732,18.87,607,6,13.87,MORTGAGE,home_improvement,1
7476,60,8.57,962.08,90514,27.97,605,14,49.49,RENT,car,12
33172,36,22.42,860.65,195768,16.32,687,5,94.29,MORTGAGE,car,2
12772,36,5.89,691.15,147048,21.14,620,8,58.5,MORTGAGE,credit_card,11
17526,60,27.05,554.91,128659,3.99,782,2,97.94,MORTGAGE,debt_consolidation,18
3866,36,20.54,952.44,77805,11.8,713,3,67.91,OWN,debt_consolidation,3
26712,36,15.03,407.89,61704,16.47,789,5,35.2,MORTGAGE,car,12
25860,60,21.73,629.12,170821,32.45,670,14,72.28,MORTGAGE,car,3
16398,36,25.76,1083.88,76625,34.57,751,5,62.23,MORTGAGE,small_business,5
12950,36,9.82,138.91,137537,34.78,840,17,5.07,RENT,car,11
12116,60,6.18,260.72,149471,2.4,775,4,65.86,RENT,car,17
3800,60,20.99,817.15,190574,2.04,654,2,58.55,MORTGAGE,car,2
12261,36,18.03,871.9,97838,7.26,622,4,56.3,MORTGAGE,car,9
4081,60,5.69,95.81,73866,17.77,769,7,7.57,RENT,small_business,11
2750,60,25.43,531.4,34284,1.92,611,8,52.46,OWN,home_improvement,5
26613,36,21.86,1054.37,96827,12.81,631,14,28.84,OWN,car,0
16372,36,26.5,904.21,115169,34.59,715,3,104.72,OWN,small_business,4
2324,60,11.79,552.11,123467,32.82,586,16,112.07,OWN,home_improvement,10
30975,36,13.03,503.5,150704,23.14,822,4,10.37,MORTGAGE,small_business,19
24299,60,20.19,604.62,49974,21.22,815,3,66.11,MORTGAGE,car,17
16374,60,19.25,349.33,57487,16.7,744,14,60.83,OWN,credit_card,4
12918,36,8.67,214.93,141867,32.46,818,17,46.82,RENT,small_business,12
23931,60,22.0,470.2,174534,2.75,831,14,77.85,OWN,small_business,3
3179,60,20.49,1161.88,61530,7.33,690,3,114.13,OWN,credit_card,11
26280,36,15.32,817.01,144115,24.59,824,17,112.97,OWN,debt_consolidation,0
1244,60,13.49,1091.37,78835,0.12,663,16,3.95,OWN,credit_card,10
23263,36,7.62,62.08,137282,5.12,617,15,7.91,MORTGAGE,small_business,15
27293,36,5.95,900.15,138529,18.6,777,19,112.28,RENT,car,9
9792,60,7.11,139.74,49968,17.37,614,10,47.53,MORTGAGE,debt_consolidation,12
27899,60,25.88,1126.08,64863,1.57,786,19,89.7,MORTGAGE,car,1
11350,36,23.21,1099.56,40563,32.0,728,11,118.47,RENT,car,11
19919,60,8.45,1012.69,107691,20.37,748,16,77.17,RENT,credit_card,2
31791,36,15.94,1042.53,129334,5.97,599,9,52.22,OWN,small_business,19
31462,60,14.62,283.09,118316,14.77,812,3,77.4,MORTGAGE,small_business,6
3745,60,8.4,308.47,27139,24.3,813,14,113.29,RENT,credit_card,17
25472,36,8.23,468.21,122126,10.54,665,16,51.86,MORTGAGE,debt_consolidation,13
21316,60,15.91,862.23,143574,34.35,817,12,114.64,OWN,home_improvement,14
6232,36,10.11,631.8,61129,3.38,595,11,14.0,MORTGAGE,debt_consolidation,2
32226,60,20.55,530.46,149447,4.95,596,19,95.67,RENT,home_improvement,11
9706,36,13.0,835.25,92485,18.11,733,13,112.59,OWN,debt_consolidation,7
10127,60,7.64,430.31,21511,9.12,652,3,82.68,RENT,credit_card,1
22927,36,10.47,1197.51,199370,15.14,739,13,82.87,RENT,car,9
22698,60,14.11,1066.32,117292,10.56,585,7,105.72,RENT,credit_card,10
20162,36,15.81,213.3,169676,1.16,720,17,19.3,MORTGAGE,home_improvement,14
14050,60,12.64,1176.05,38540,5.41,611,14,68.13,OWN,small_business,2
5675,36,21.77,135.82,91102,3.44,698,17,115.31,RENT,credit_card,12
8287,60,24.17,618.19,55500,28.09,757,16,19.56,OWN,home_improvement,15
24383,60,7.1,435.08,120131,25.87,730,10,91.88,OWN,debt_consolidation,0
24736,60,21.55,234.42,198050,1.28,610,11,83.07,MORTGAGE,home_improvement,13
34986,36,24.27,451.0,77782,23.23,830,16,42.29,RENT,small_business,10
30299,36,7.33,171.79,171458,14.86,754,5,6.14,MORTGAGE,credit_card,19
21662,60,19.37,212.13,196087,23.26,606,19,26.01,RENT,home_improvement,0
13632,36,23.31,395.47,159084,29.85,609,8,75.19,MORTGAGE,car,3
28605,36,25.13,617.99,158143,29.75,817,12,6.14,MORTGAGE,car,18
33083,60,18.86,1107.92,160290,16.64,646,10,16.9,MORTGAGE,debt_consolidation,9
30304,60,26.48,1181.21,173656,8.12,790,17,17.54,MORTGAGE,small_business,3
2759,60,23.36,1122.31,152721,12.77,593,1,42.56,OWN,home_improvement,6
6889,36,10.16,768.52,122960,33.92,700,10,97.56,OWN,debt_consolidation,17
19077,36,20.7,780.24,112674,6.66,706,8,116.84,OWN,home_improvement,13
15369,36,22.8,1014.67,89503,9.83,638,6,60.81,RENT,debt_consolidation,10
12781,36,14.66,1076.3,181613,18.53,737,1,40.25,RENT,debt_consolidation,16
11516,60,23.03,477.94,147615,7.93,823,5,4.88,RENT,car,0
15715,60,24.81,700.89,173594,29.75,634,4,11.8,RENT,car,17
4092,36,15.19,876.31,59970,7.29,826,19,24.57,RENT,small_business,19
8099,60,6.52,490.52,25723,8.93,760,3,71.62,MORTGAGE,car,5
21792,36,11.95,298.97,127385,33.52,651,10,100.33,MORTGAGE,credit_card,15
12989,60,8.2,315.61,188711,0.96,758,16,6.74,MORTGAGE,small_business,2
17021,36,19.85,264.88,102901,31.31,809,13,67.65,RENT,small_business,10
28386,36,11.21,502.78,98649,8.57,745,14,90.36,RENT,credit_card,17
11717,36,25.55,368.76,105398,26.84,592,10,25.99,RENT,debt_consolidation,6
17282,60,22.97,121.06,89890,2.08,797,8,55.11,RENT,home_improvement,8
20945,36,15.32,456.87,131282,31.87,758,1,100.66,RENT,home_improvement,16
19474,60,14.65,850.8,108022,28.7,625,1,68.82,MORTGAGE,credit_card,6
1406,60,17.46,568.27,41491,10.82,745,19,25.89,MORTGAGE,car,5
10076,36,27.31,344.76,127930,21.66,680,18,88.97,MORTGAGE,home_improvement,17
1302,60,11.97,805.33,171265,31.46,622,3,27.56,OWN,small_business,10
17633,36,19.25,256.71,69869,8.09,807,7,42.14,OWN,debt_consolidation,17
6258,60,27.38,64.25,80843,33.97,608,10,86.75,OWN,credit_card,14
3096,36,22.56,936.0,37305,11.81,827,2,56.25,RENT,credit_card,12
8657,36,11.74,256.21,182632,27.9,796,3,13.62,OWN,home_improvement,3
2645,36,17.44,461.98,120513,17.7,588,13,17.58,RENT,debt_consolidation,8
16088,60,15.11,899.56,118343,17.57,691,1,20.42,OWN,car,6
23424,60,27.07,1019.4,80910,27.34,717,6,69.57,RENT,debt_consolidation,13
6569,36,20.81,954.24,65991,25.12,792,12,6.74,RENT,car,10
33262,36,17.99,654.0,141443,22.71,691,17,108.33,RENT,debt_consolidation,9
6084,36,22.57,124.41,175879,28.37,691,10,8.86,OWN,car,9
9635,36,22.23,502.64,26713,16.4,694,11,34.89,RENT,car,3
31676,60,22.03,1049.32,51247,1.53,825,15,55.68,OWN,home_improvement,16
14380,60,14.13,543.34,40707,28.38,827,10,112.81,RENT,debt_consolidation,0
14869,60,17.08,801.68,119339,32.6,581,7,12.94,RENT,car,5
11492,36,16.83,770.62,22039,34.03,825,11,37.11,OWN,debt_consolidation,17
30312,60,27.93,334.4,81800,14.97,654,18,48.7,OWN,small_business,18
32027,60,7.12,704.1,137441,10.07,815,7,64.59,MORTGAGE,home_improvement,14
20063,36,12.93,1184.46,174044,26.22,632,12,89.2,MORTGAGE,credit_card,12
28216,36,26.84,906.39,96197,34.17,625,19,8.78,OWN,small_business,13
17335,36,13.6,840.37,92083,21.05,654,17,116.25,RENT,car,10
1717,60,18.96,332.0,34245,15.58,622,9,84.39,MORTGAGE,credit_card,6
2587,60,14.5,911.16,35611,4.17,648,2,11.78,MORTGAGE,small_business,17
22793,36,19.83,336.44,102095,31.99,642,11,95.03,RENT,small_business,17
16034,60,7.19,872.37,119134,6.16,689,9,33.26,MORTGAGE,home_improvement,16
20225,60,18.4,505.54,84398,8.22,629,3,6.71,MORTGAGE,small_business,10
31009,60,26.89,1044.09,132168,3.24,599,2,112.39,RENT,debt_consolidation,6
20738,36,5.68,573.15,28577,9.86,617,11,87.4,MORTGAGE,credit_card,19
24616,60,6.33,345.25,57269,31.14,723,2,36.76,RENT,debt_consolidation,5
19323,60,27.72,834.53,195069,32.44,591,16,62.81,OWN,credit_card,14
6603,36,14.57,541.0,66408,28.19,690,11,12.84,RENT,credit_card,13
25917,60,16.36,601.17,33225,6.85,729,2,56.9,MORTGAGE,home_improvement,5
10765,60,10.1,561.19,142427,23.3,657,10,77.87,RENT,car,1
16717,36,14.19,799.75,179009,32.82,792,6,66.46,RENT,debt_consolidation,8
32097,60,8.44,139.94,56979,29.32,695,6,96.96,OWN,home_improvement,5
28420,36,25.88,355.96,93836,0.8,619,13,105.13,RENT,home_improvement,15
34998,36,18.65,214.79,55925,13.92,659,9,90.85,MORTGAGE,small_business,2
24863,60,7.79,491.72,39046,27.66,777,11,73.63,OWN,debt_consolidation,12
1097,36,22.04,75.35,63093,26.44,780,2,66.85,OWN,debt_consolidation,4
10017,36,6.54,1088.25,50653,30.11,643,8,63.94,OWN,credit_card,15
17211,36,16.52,355.13,98694,16.06,708,12,52.61,MORTGAGE,small_business,7
26934,60,14.62,165.46,148928,14.95,720,8,94.7,OWN,car,1
32750,60,10.32,435.82,73164,28.65,597,9,61.72,RENT,credit_card,14
16540,36,25.28,944.57,37522,28.0,625,5,8.81,OWN,car,2
33467,60,18.63,567.74,45362,21.81,744,7,33.73,RENT,car,6
3961,36,12.04,462.04,78543,0.35,792,16,30.22,OWN,car,2
1670,60,24.77,740.33,93654,32.54,738,1,40.88,OWN,small_business,15
28840,36,20.34,1033.52,76414,32.22,681,8,71.32,RENT,small_business,15
2893,36,9.28,222.65,118891,15.62,849,10,79.42,OWN,car,6
8566,60,13.32,410.32,175384,2.58,816,4,36.75,OWN,credit_card,8
3433,60,24.25,294.52,38934,23.51,716,4,75.81,MORTGAGE,debt_consolidation,0
2378,36,17.67,696.27,168694,4.91,743,8,111.9,MORTGAGE,home_improvement,10
1463,36,26.27,402.65,182377,17.42,807,1,14.4,MORTGAGE,small_business,19
10168,36,15.53,731.61,31766,20.61,629,14,88.31,MORTGAGE,small_business,7
12205,60,8.85,500.38,92131,26.63,640,14,107.01,OWN,small_business,10
9750,60,5.91,1166.12,88213,13.57,780,8,66.19,OWN,debt_consolidation,15
29916,36,11.27,500.68,88089,23.45,824,17,104.53,MORTGAGE,debt_consolidation,16
18375,60,22.87,915.11,66402,17.68,794,17,51.46,RENT,debt_consolidation,13
17964,60,27.93,757.6,165934,25.65,603,15,48.74,OWN,car,15
4009,60,7.64,162.69,40163,11.64,769,9,34.55,RENT,car,11
27345,36,18.52,247.37,121471,8.77,655,9,118.19,RENT,car,2
31143,60,16.19,896.39,135020,26.46,808,6,102.63,RENT,car,12
20456,36,5.68,1170.3,168915,21.47,791,5,63.66,RENT,car,5
3125,60,18.35,164.87,174161,28.0,593,16,33.0,MORTGAGE,small_business,19
16882,36,10.95,189.86,159895,3.32,775,1,108.24,OWN,home_improvement,2
30768,36,10.68,1187.4,96668,34.41,766,1,86.13,RENT,debt_consolidation,3
27832,60,27.65,1047.54,192352,8.63,620,13,40.35,OWN,credit_card,16
30809,36,18.26,930.7,83304,11.34,793,17,68.27,RENT,small_business,4
28716,60,16.48,266.18,114606,2.25,661,1,14.05,RENT,debt_consolidation,10
14051,36,26.42,415.9,60834,31.93,651,10,16.69,MORTGAGE,debt_consolidation,10
16449,36,14.76,429.81,52894,10.7,664,16,47.1,MORTGAGE,car,2
1365,36,17.64,407.99,118136,3.51,785,3,56.19,OWN,debt_consolidation,1
15069,60,12.35,796.96,128039,13.96,591,8,19.76,OWN,small_business,4
30866,60,22.19,990.44,67165,18.6,716,10,114.59,MORTGAGE,credit_card,2
29152,36,21.55,1013.99,169073,4.13,748,5,70.98,MORTGAGE,home_improvement,16
12394,36,15.58,959.99,164475,22.85,753,19,60.33,MORTGAGE,home_improvement,5
16386,60,17.05,853.4,26932,5.17,721,15,23.12,OWN,home_improvement,12
7368,36,23.32,606.49,180034,29.25,643,18,50.32,MORTGAGE,car,0
13497,36,5.77,235.61,90500,29.11,729,16,34.97,OWN,credit_card,2
22792,60,6.61,894.27,94210,33.68,781,18,36.84,OWN,car,16
5906,36,8.36,1103.46,80126,11.46,682,4,24.02,MORTGAGE,credit_card,8
17154,36,11.87,784.44,61472,0.67,581,13,77.92,OWN,car,10
1728,60,20.6,1121.55,114672,3.54,677,4,108.33,MORTGAGE,credit_card,16
14893,60,23.84,1075.56,169157,9.76,775,16,92.06,OWN,home_improvement,15
20158,60,13.63,143.25,198770,7.49,608,13,31.2,MORTGAGE,debt_consolidation,9
13452,36,16.2,963.42,170761,1.47,655,3,83.12,OWN,car,18
22427,36,14.32,962.46,57972,28.43,757,13,48.26,OWN,car,10
30425,36,10.54,936.0,139937,9.33,609,1,43.18,OWN,car,4
28808,60,9.49,736.14,49469,5.77,629,2,27.11,OWN,car,8
31981,60,16.96,272.83,121751,9.58,833,3,62.38,MORTGAGE,car,8
24078,36,17.97,706.14,109352,20.95,787,7,104.12,MORTGAGE,debt_consolidation,6
26625,60,21.16,503.76,71194,21.55,686,10,57.8,OWN,small_business,0
25276,60,13.9,382.36,44881,28.6,632,18,100.58,MORTGAGE,debt_consolidation,11
11616,36,13.05,1109.44,89741,8.61,580,19,88.47,OWN,car,15
7296,60,20.49,1185.45,148577,25.09,612,11,12.6,OWN,home_improvement,4
20275,36,6.51,1071.42,108719,5.13,659,13,117.69,RENT,home_improvement,7
27685,36,13.17,436.05,83073,9.51,635,13,69.71,MORTGAGE,credit_card,19
20337,36,21.57,618.08,155579,3.35,828,9,85.41,MORTGAGE,small_business,8
5340,60,21.14,448.64,20576,4.42,823,19,85.84,MORTGAGE,debt_consolidation,1
11800,60,24.91,64.27,103562,18.43,809,9,5.14,OWN,car,15
14615,36,13.09,178.62,189734,11.96,709,16,79.94,OWN,debt_consolidation,8
5804,36,26.28,444.36,60875,25.77,733,11,93.5,OWN,small_business,0
21074,36,18.46,246.54,65440,25.4,722,2,96.73,MORTGAGE,credit_card,4
10882,60,11.38,769.77,110935,21.84,765,6,75.84,RENT,car,4
18159,36,6.64,298.38,92321,32.98,627,11,76.19,MORTGAGE,car,18
24265,36,22.29,686.76,154789,23.84,647,17,113.46,RENT,debt_consolidation,4
18627,60,22.34,876.64,121610,15.4,611,2,68.99,RENT,debt_consolidation,16
4561,60,10.73,1161.01,46730,29.92,755,9,3.47,RENT,car,9
24989,60,24.34,1143.55,110217,30.08,691,3,59.39,RENT,home_improvement,4
34982,36,14.17,837.68,57880,2.39,641,12,22.45,MORTGAGE,car,11
22364,36,26.52,879.39,117083,26.4,608,17,118.71,OWN,debt_consolidation,15
4551,36,23.2,1067.6,55276,7.36,697,11,107.26,MORTGAGE,debt_consolidation,11
6600,36,21.82,491.12,97700,8.2,757,1,69.25,OWN,car,6
2062,60,16.27,1094.9,109666,4.21,812,1,48.23,OWN,small_business,5
17779,36,24.31,233.2,119332,4.37,751,14,38.53,RENT,car,5
20835,60,10.75,101.94,191398,6.87,580,18,38.47,OWN,small_business,8
24472,60,21.67,429.74,175182,2.8,660,3,68.8,RENT,credit_card,12
17566,36,18.31,531.26,108958,11.81,605,10,0.23,RENT,small_business,14
20870,60,8.75,945.27,124008,5.22,653,7,47.09,MORTGAGE,car,9
7638,36,8.39,266.06,124636,18.92,835,17,81.56,RENT,car,9
29412,36,15.57,917.51,130612,24.75,790,11,96.32,RENT,credit_card,11
5567,60,10.57,313.72,93285,19.0,690,4,58.39,MORTGAGE,small_business,19
13413,36,9.56,370.66,133056,14.91,654,4,36.96,MORTGAGE,credit_card,0
7254,36,24.99,226.93,76655,21.63,728,9,36.29,MORTGAGE,small_business,14
25031,60,25.69,442.23,35419,30.32,685,2,37.76,OWN,home_improvement,18
26709,36,14.36,905.79,66875,27.1,830,19,106.41,RENT,small_business,17
11526,36,20.97,643.78,35941,32.91,682,17,3.4,OWN,debt_consolidation,9
15119,36,26.78,1137.73,21011,6.79,770,12,82.2,OWN,credit_card,18
27069,36,19.2,330.52,168691,15.41,819,17,75.31,MORTGAGE,debt_consolidation,15
3557,60,20.73,702.67,113531,7.0,691,3,118.84,MORTGAGE,car,1
19309,60,6.92,980.56,121010,31.48,701,17,39.25,RENT,credit_card,12
21159,36,24.41,405.69,81604,25.66,811,19,69.08,OWN,credit_card,10
6655,60,14.65,1164.69,138548,7.86,834,4,84.68,RENT,home_improvement,9
11729,60,18.13,142.11,100919,34.1,708,10,50.45,OWN,debt_consolidation,2
17478,36,13.56,860.77,20721,33.99,668,16,112.71,OWN,car,4
11310,36,7.17,910.89,71377,17.97,681,15,96.24,RENT,small_business,13
26518,60,14.91,525.21,53135,20.51,730,1,57.59,OWN,small_business,5
12151,60,7.57,1035.51,68754,3.96,773,6,88.31,MORTGAGE,credit_card,19
9712,36,20.39,101.42,184155,5.94,824,3,44.89,MORTGAGE,home_improvement,18
22243,60,15.44,993.18,79596,34.14,778,9,21.61,OWN,small_business,12
31444,60,25.54,875.09,130159,20.23,701,1,43.27,MORTGAGE,home_improvement,16
14279,36,8.31,229.76,135855,23.24,607,10,109.8,RENT,small_business,6
2724,60,7.94,824.83,178842,0.35,756,4,51.42,OWN,credit_card,12
18368,60,8.42,659.02,181815,27.25,654,9,72.97,OWN,credit_card,8
27329,60,18.99,539.33,81895,12.79,753,16,98.34,MORTGAGE,home_improvement,14
30290,60,24.86,1115.32,21420,6.62,679,10,4.48,MORTGAGE,credit_card,16
22398,36,19.42,764.99,189441,20.47,696,11,32.48,RENT,small_business,0
7265,60,6.76,637.32,152706,1.41,686,3,13.43,MORTGAGE,small_business,12
15211,36,23.88,259.66,48270,33.48,803,1,46.84,RENT,credit_card,10
11093,36,6.31,1147.87,117012,34.88,601,14,8.51,RENT,home_improvement,1
11066,60,18.84,450.88,192037,33.15,823,15,116.82,RENT,debt_consolidation,17
18750,36,22.41,204.86,30535,23.45,811,9,111.78,MORTGAGE,car,1
11789,60,23.77,885.31,69699,16.32,675,12,96.05,OWN,credit_card,15
22889,36,14.57,191.11,46885,23.36,817,10,26.66,MORTGAGE,small_business,10
4164,36,23.52,411.97,178564,17.58,754,11,116.73,RENT,car,16
22902,60,24.3,172.68,31801,10.6,642,7,57.03,MORTGAGE,debt_consolidation,7
30725,36,13.34,451.44,170636,10.17,669,7,19.09,RENT,debt_consolidation,3
5780,60,13.82,1068.61,99244,1.0,848,1,104.08,MORTGAGE,home_improvement,5
13734,36,20.21,549.08,168347,6.63,674,11,7.23,MORTGAGE,debt_consolidation,10
29470,36,18.92,837.51,188674,22.85,748,14,14.14,RENT,credit_card,18
27553,36,20.7,898.43,145677,30.95,737,13,13.57,RENT,small_business,13
12871,60,13.9,844.6,33176,2.42,607,14,113.98,OWN,debt_consolidation,4
26289,36,19.89,145.88,124992,2.19,672,15,14.14,OWN,credit_card,4
31811,36,20.44,506.47,74757,10.18,667,19,116.63,RENT,small_business,7
12174,36,19.47,914.36,185065,31.61,792,15,57.31,RENT,home_improvement,17
4854,60,8.84,563.84,120351,7.99,841,18,74.03,RENT,car,8
3581,36,13.8,1129.18,43838,23.46,789,15,7.89,RENT,credit_card,15
21590,36,18.12,762.15,103364,22.3,745,16,90.39,RENT,small_business,8
25938,60,5.72,939.12,105968,26.33,751,12,48.11,MORTGAGE,car,12
27564,36,17.74,124.95,92503,20.07,630,18,33.64,RENT,small_business,11
32778,36,6.43,769.49,32869,2.52,659,16,4.98,MORTGAGE,home_improvement,17
12023,60,14.97,797.87,171832,8.24,787,4,101.39,RENT,credit_card,16
24963,36,9.8,1154.08,26531,1.02,677,8,20.06,RENT,car,18
4805,36,6.76,1169.53,168412,31.48,611,16,48.71,MORTGAGE,debt_consolidation,12
21324,36,15.25,680.74,129796,21.53,585,19,90.76,OWN,car,3
13853,60,8.76,75.27,120751,12.6,631,5,59.04,MORTGAGE,small_business,10
15209,60,13.38,1010.91,53546,14.2,753,10,61.63,MORTGAGE,home_improvement,13
27160,60,26.21,740.97,60794,26.17,728,3,41.07,OWN,credit_card,15
30309,36,27.47,632.18,146662,21.09,818,11,104.99,OWN,home_improvement,1
9397,36,12.9,863.09,44696,29.56,759,8,93.77,MORTGAGE,car,17
29861,60,18.08,135.56,199424,25.18,700,6,64.66,RENT,home_improvement,11
3396,60,13.24,782.87,187452,28.05,628,11,103.01,RENT,small_business,15
28424,60,12.09,986.16,180360,23.03,849,18,103.19,OWN,debt_consolidation,4
23433,60,15.96,914.41,160586,13.83,644,2,75.22,RENT,credit_card,12
34885,36,20.99,1143.77,194943,6.22,798,12,19.8,MORTGAGE,home_improvement,15
28233,36,19.15,1192.43,27288,17.8,799,7,68.62,MORTGAGE,home_improvement,6
15162,60,26.87,838.59,164895,18.69,734,8,60.16,OWN,home_improvement,13
3307,60,9.2,459.74,31891,20.75,845,8,61.83,MORTGAGE,credit_card,14
15901,60,27.81,150.31,22822,18.21,662,16,4.18,OWN,small_business,10
30793,60,23.21,373.9,62417,5.18,809,4,94.11,MORTGAGE,home_improvement,19
10074,60,14.55,1144.26,107157,34.07,783,6,39.37,RENT,debt_consolidation,0
30757,36,27.99,314.31,134183,13.12,591,12,14.64,OWN,car,13
13866,36,22.21,503.72,177499,22.39,610,16,115.78,OWN,home_improvement,3
1320,60,14.01,348.56,20893,32.55,786,17,34.1,OWN,car,2
24930,60,22.05,707.89,53583,8.4,680,12,51.73,OWN,car,5
27762,60,6.0,387.62,120022,24.42,615,11,1.56,RENT,debt_consolidation,5
29884,60,26.04,270.76,133868,27.59,676,2,90.12,MORTGAGE,car,11
1929,36,11.07,211.94,38204,9.59,781,7,82.38,RENT,credit_card,12
25538,60,6.77,155.13,141432,8.8,586,11,1.51,MORTGAGE,debt_consolidation,18
19257,60,5.7,400.94,61206,27.74,580,10,79.74,MORTGAGE,credit_card,6
16271,36,18.27,719.25,194186,9.32,704,14,1.55,OWN,small_business,18
11553,36,18.37,239.69,66095,26.45,800,2,103.64,MORTGAGE,home_improvement,14
3890,60,17.3,710.75,63406,24.97,794,19,68.43,OWN,car,0
27421,60,21.67,820.26,57455,22.37,769,13,101.39,MORTGAGE,small_business,7
18568,60,25.02,1182.08,60459,34.03,821,16,72.46,OWN,car,13
32174,60,13.03,196.07,133109,33.66,782,16,101.96,RENT,small_business,16
6710,60,18.89,854.58,34853,4.87,663,10,29.22,OWN,small_business,3
6104,36,9.77,1021.68,147326,9.65,626,15,100.05,RENT,credit_card,14
9234,36,22.7,734.08,149657,30.75,770,3,12.77,OWN,credit_card,1
19333,60,7.28,1146.98,42236,2.26,724,3,119.26,MORTGAGE,car,11
25351,36,12.34,578.76,107236,4.0,822,2,100.64,MORTGAGE,home_improvement,19
28413,60,11.12,919.42,137857,15.23,602,19,25.0,MORTGAGE,small_business,8
32010,36,23.77,298.04,72034,0.83,759,14,20.19,OWN,small_business,13
7645,36,19.35,456.37,199096,34.44,602,1,81.07,OWN,car,5
3911,60,9.84,872.25,99220,19.33,607,16,20.31,OWN,credit_card,0
30336,36,14.86,293.21,197395,11.44,704,8,29.81,RENT,credit_card,12
24384,60,6.88,1110.19,153242,31.66,766,19,7.93,RENT,debt_consolidation,4
27705,60,21.87,389.53,120613,15.62,608,4,4.61,MORTGAGE,debt_consolidation,3
28559,60,10.26,426.37,48821,4.39,830,9,86.18,OWN,credit_card,12
16023,60,23.15,997.38,48941,31.01,584,7,103.29,OWN,small_business,14
26344,60,11.18,1050.91,136958,16.34,790,7,69.81,RENT,debt_consolidation,9
28798,60,12.99,317.95,144506,22.92,708,6,111.02,OWN,credit_card,0
32566,36,5.5,748.43,143141,30.43,679,6,99.73,RENT,debt_consolidation,9
18600,60,9.83,462.44,161587,21.15,651,10,40.98,RENT,credit_card,3
13450,60,27.28,1144.76,189260,33.12,644,3,13.32,RENT,debt_consolidation,13
25209,36,6.33,304.57,59387,22.17,832,11,66.94,OWN,credit_card,14
1787,60,21.94,258.39,35948,14.84,647,3,103.83,MORTGAGE,small_business,0
2378,60,26.57,258.45,37751,1.03,779,11,35.37,RENT,home_improvement,9
29820,36,27.73,692.66,172157,21.89,641,13,15.25,RENT,debt_consolidation,10
34548,60,11.14,212.26,126052,22.19,583,13,87.96,OWN,credit_card,7
28777,60,20.67,714.55,189024,18.81,674,1,41.36,RENT,small_business,17
16896,60,6.26,741.42,48577,25.6,599,16,52.53,MORTGAGE,car,6
27819,60,7.13,661.82,23756,7.85,718,15,70.71,RENT,home_improvement,7
4134,36,24.45,1158.8,109851,34.78,777,18,119.55,RENT,home_improvement,10
2907,60,23.97,358.37,140829,26.35,712,2,89.21,RENT,credit_card,9
5971,60,11.07,454.96,119490,3.67,585,12,31.68,OWN,debt_consolidation,9
15745,36,22.86,474.03,75918,3.79,777,16,33.23,OWN,small_business,18
19037,36,16.67,432.46,103391,32.01,742,4,10.29,MORTGAGE,small_business,15
4368,36,13.63,269.97,80914,19.07,611,12,111.59,RENT,small_business,11
6285,60,15.91,764.09,68671,20.75,610,13,64.21,MORTGAGE,credit_card,6
8394,60,12.08,73.36,42625,26.17,708,19,87.49,OWN,car,7
18749,36,12.85,414.01,54261,6.77,681,17,31.94,MORTGAGE,credit_card,4
31573,36,8.14,116.93,150644,27.32,812,14,79.0,OWN,debt_consolidation,15
26766,60,26.07,814.79,164878,9.56,763,16,118.9,RENT,debt_consolidation,16
13453,60,26.04,354.44,142365,15.95,689,10,118.29,RENT,debt_consolidation,6
11344,60,11.43,1173.47,150388,32.21,720,5,77.75,OWN,car,8
34132,36,6.28,413.52,180617,24.26,842,4,40.59,MORTGAGE,debt_consolidation,19
23195,36,17.03,963.94,101863,6.95,683,2,91.59,MORTGAGE,small_business,18
2848,60,27.84,733.39,157525,22.92,848,12,118.7,OWN,small_business,2
22042,36,12.78,1175.88,61583,9.91,791,3,94.82,MORTGAGE,car,1
20552,36,17.96,449.7,65995,33.17,711,1,59.67,RENT,debt_consolidation,4
28764,60,9.0,657.1,121209,34.19,682,19,89.41,OWN,home_improvement,5
18898,60,20.52,742.54,70281,24.59,616,15,13.51,RENT,small_business,19
5927,36,21.87,513.3,114047,17.14,649,9,102.7,OWN,debt_consolidation,13
5425,60,27.7,726.56,25622,5.16,651,16,60.12,OWN,small_business,8
2630,36,6.64,171.94,43115,20.44,586,11,68.78,OWN,small_business,0
21056,36,10.54,474.72,134178,3.88,628,10,20.76,OWN,small_business,5
12173,60,10.56,137.1,43382,23.94,596,10,95.5,OWN,car,17
26643,60,22.7,184.4,181857,26.25,610,15,66.74,OWN,home_improvement,7
6730,36,17.15,273.71,142225,9.28,763,2,34.85,RENT,credit_card,5
22164,36,8.42,483.93,87967,29.94,823,15,12.1,MORTGAGE,credit_card,3
28832,60,25.09,735.05,36186,28.15,638,16,81.74,MORTGAGE,small_business,10
12561,60,25.68,881.86,162099,26.28,610,16,80.33,RENT,car,2
21690,36,25.39,764.64,81088,28.71,750,9,13.07,RENT,car,2
15626,60,26.51,760.93,188347,21.01,771,17,102.62,OWN,credit_card,5
12944,60,10.01,699.26,99870,0.07,807,3,57.36,OWN,credit_card,13
33975,36,12.47,1095.22,115956,4.11,752,1,93.65,RENT,credit_card,14
29138,60,25.99,857.24,75387,19.42,781,13,18.91,MORTGAGE,credit_card,16
23673,36,24.7,315.76,174655,13.42,692,16,30.43,MORTGAGE,debt_consolidation,7
27646,60,10.7,941.59,97355,0.38,703,17,115.02,RENT,debt_consolidation,8
12314,60,12.02,1121.35,174583,10.94,763,19,21.07,MORTGAGE,small_business,1
31857,36,8.48,97.59,198065,32.86,611,9,38.39,OWN,credit_card,10
5798,36,16.52,1124.09,129577,31.55,584,4,96.93,RENT,small_business,17
3426,36,25.34,316.12,113679,24.95,783,19,59.29,RENT,debt_consolidation,4
8601,36,21.79,455.66,54261,31.31,719,7,37.66,RENT,credit_card,18
11136,36,10.67,272.68,91041,0.64,679,14,49.33,MORTGAGE,credit_card,3
9529,60,11.28,1072.1,78308,9.51,707,18,113.08,OWN,debt_consolidation,11
20627,60,27.98,939.53,156942,30.01,829,19,83.91,OWN,home_improvement,4
19624,36,24.31,1039.17,112305,9.01,746,2,45.71,MORTGAGE,car,3
6776,60,16.47,856.41,170309,7.07,692,19,2.77,OWN,home_improvement,3
28848,36,7.51,191.21,37585,0.82,830,9,93.61,OWN,car,19
23641,60,6.92,762.65,184810,11.74,846,19,63.87,MORTGAGE,credit_card,11
5837,60,25.46,684.33,136134,2.44,756,1,24.02,RENT,home_improvement,10
23386,36,24.53,422.9,135784,7.55,596,13,70.24,MORTGAGE,debt_consolidation,6
15135,60,12.1,706.9,122267,26.97,842,7,111.3,RENT,debt_consolidation,5
31818,60,18.46,106.42,30555,17.65,666,5,60.58,RENT,debt_consolidation,19
16282,60,23.2,593.87,27202,5.67,647,7,75.7,OWN,debt_consolidation,13
8758,36,18.11,269.39,118525,9.89,678,12,46.45,MORTGAGE,home_improvement,11
30703,60,7.32,889.72,83545,18.59,745,11,90.31,RENT,credit_card,4
33254,60,6.09,727.79,80706,29.32,716,13,73.28,MORTGAGE,credit_card,2
28128,36,6.84,73.02,93608,17.08,798,17,89.26,MORTGAGE,car,14
22932,36,22.64,184.6,78132,17.14,638,8,37.28,OWN,debt_consolidation,17
19681,60,14.44,1068.22,191396,11.76,659,16,35.98,RENT,debt_consolidation,15
16549,60,26.94,803.81,142452,13.35,618,16,45.23,MORTGAGE,credit_card,16
2007,36,19.81,341.75,73270,27.62,592,6,96.15,RENT,debt_consolidation,0
11634,36,20.44,165.05,101848,14.96,755,19,90.08,MORTGAGE,car,1
20810,60,12.35,824.89,83565,13.06,795,4,108.38,RENT,small_business,3
15026,36,27.98,577.16,131110,22.84,700,12,8.28,MORTGAGE,debt_consolidation,19
6808,36,23.57,331.93,29764,20.71,580,8,47.22,MORTGAGE,car,16
10837,60,8.19,1129.17,181942,28.05,845,11,39.62,MORTGAGE,small_business,4
16905,60,12.9,495.27,119427,5.83,793,7,26.25,MORTGAGE,car,17
23010,36,24.65,1035.65,53469,22.41,757,2,21.46,RENT,debt_consolidation,1
5637,60,10.17,295.2,77198,17.74,774,11,87.01,RENT,home_improvement,10
16029,36,10.55,714.59,154547,21.81,747,16,6.94,OWN,small_business,10
34763,60,25.66,857.25,44838,3.68,803,17,29.89,RENT,debt_consolidation,15
27113,60,14.5,508.8,178736,2.71,618,2,4.36,RENT,debt_consolidation,2
7643,36,11.06,772.93,109680,8.2,802,9,24.0,OWN,small_business,12
18543,60,7.6,481.7,173959,33.81,670,15,39.59,RENT,car,3
11677,60,8.65,545.44,190422,14.8,635,13,29.42,MORTGAGE,home_improvement,17
13755,36,20.42,472.39,40936,22.25,727,12,1.68,RENT,debt_consolidation,13
14116,60,15.91,426.35,83056,23.61,816,10,37.77,RENT,home_improvement,17
10268,60,16.3,536.3,92031,6.41,848,14,39.99,OWN,debt_consolidation,19
26783,60,6.3,108.46,61100,29.01,791,18,78.64,RENT,car,3
14395,60,18.83,895.25,23567,1.34,826,9,62.14,OWN,small_business,17
19544,36,16.19,224.21,75604,17.48,805,17,5.33,MORTGAGE,credit_card,14
28223,36,6.18,398.13,71753,1.09,634,13,36.83,RENT,home_improvement,6
17371,60,17.21,473.22,30327,0.68,795,4,110.66,RENT,home_improvement,2
9682,36,20.87,178.38,54713,9.3,709,14,4.6,RENT,debt_consolidation,18
30516,36,10.39,1129.09,26406,11.91,621,4,62.5,RENT,debt_consolidation,0
8400,36,14.84,606.44,102445,33.18,776,11,28.98,OWN,home_improvement,16
10460,36,22.72,684.47,101438,25.91,718,3,57.39,MORTGAGE,debt_consolidation,12
8114,60,25.51,972.24,183548,29.1,830,19,14.04,RENT,small_business,17
20033,36,10.6,317.99,37670,21.73,673,1,79.0,RENT,home_improvement,2
24960,60,25.18,1120.47,126360,19.47,639,18,12.25,MORTGAGE,credit_card,6
29047,36,23.3,542.18,180583,11.33,719,7,62.31,OWN,credit_card,7
5765,36,19.47,1051.23,32669,9.69,600,13,4.87,RENT,small_business,12
32216,60,9.33,158.06,41629,15.41,646,13,76.31,RENT,credit_card,5
26150,60,7.06,1011.85,103817,33.22,628,10,21.63,RENT,credit_card,16
15502,60,8.27,1013.42,119132,34.75,778,11,107.96,MORTGAGE,credit_card,9
4506,60,16.51,132.67,119458,8.77,661,1,77.62,RENT,home_improvement,2
9488,36,24.35,169.48,150614,17.86,835,1,21.15,MORTGAGE,home_improvement,0
11775,36,21.68,1104.18,68105,4.14,658,1,47.31,MORTGAGE,small_business,17
7276,36,27.98,852.09,84099,16.47,765,2,39.42,MORTGAGE,debt_consolidation,18
3693,36,9.46,605.74,110731,28.83,635,14,33.18,MORTGAGE,car,10
13448,60,17.52,640.19,56479,25.44,810,14,91.18,OWN,car,13
21597,36,12.99,749.86,120842,9.08,604,12,98.66,OWN,home_improvement,6
30545,60,14.56,116.04,31311,27.76,779,19,58.36,RENT,home_improvement,2
34719,60,6.15,626.8,163516,12.43,593,15,28.59,RENT,small_business,12
13977,36,10.34,320.07,181711,20.78,635,1,66.6,OWN,debt_consolidation,1
5370,60,13.06,224.44,38782,32.65,601,8,15.78,OWN,small_business,10
1055,60,21.97,358.57,83131,2.8,777,15,42.1,MORTGAGE,car,15
12516,36,13.32,1157.43,77392,30.83,843,4,91.04,RENT,home_improvement,3
10833,36,11.32,190.54,145030,20.5,768,8,37.23,OWN,debt_consolidation,10
1667,36,5.83,467.85,156285,25.3,776,6,74.7,MORTGAGE,credit_card,16
26805,36,7.05,406.1,183890,27.07,782,18,98.96,OWN,credit_card,17
24255,36,23.4,300.46,162637,8.93,818,7,55.85,RENT,small_business,7
29699,60,26.76,913.74,82456,29.77,747,3,12.72,MORTGAGE,home_improvement,5
24648,36,17.64,746.47,142827,27.57,784,8,33.52,RENT,car,18
7396,60,27.6,707.33,76543,28.5,597,6,45.28,OWN,debt_consolidation,11
6122,60,16.37,539.13,81396,3.87,634,12,65.61,OWN,small_business,8
22300,60,22.96,267.59,22566,33.98,712,5,11.97,MORTGAGE,small_business,13
11350,36,17.78,841.8,116849,25.41,780,14,40.51,RENT,small_business,11
31916,60,19.59,934.31,34705,32.72,714,15,98.55,OWN,debt_consolidation,16
21806,60,24.1,803.03,44791,27.3,586,10,67.14,MORTGAGE,credit_card,15
29024,36,7.64,423.74,106854,16.6,806,12,93.88,RENT,small_business,17
3475,36,18.97,924.78,172875,21.4,791,18,92.04,MORTGAGE,car,19
2098,36,25.92,635.53,198422,14.1,651,3,1.48,MORTGAGE,small_business,0
12939,60,17.26,1057.75,195205,31.44,652,4,36.2,MORTGAGE,credit_card,17
20446,60,25.39,1179.98,36683,28.71,605,4,87.36,RENT,debt_consolidation,18
18029,60,26.35,1021.09,39734,1.02,775,16,37.24,OWN,debt_consolidation,7
5648,36,13.9,83.47,180229,17.0,760,15,80.65,RENT,home_improvement,0
24190,60,7.98,1112.85,141921,11.56,696,16,51.18,RENT,debt_consolidation,9
1302,36,18.19,1157.15,197881,3.86,589,18,22.74,RENT,car,17
13100,36,22.89,343.83,184097,29.78,657,15,68.76,OWN,credit_card,4
1589,36,11.03,362.38,23498,2.52,787,1,1.05,MORTGAGE,car,8
22083,36,20.47,223.78,195460,25.63,734,19,18.33,OWN,debt_consolidation,10
4389,60,5.92,1167.6,164229,22.09,604,14,37.08,MORTGAGE,credit_card,2
13748,60,11.74,751.35,79179,31.15,642,18,89.38,RENT,small_business,3
29018,36,9.44,996.16,185534,13.45,711,6,95.48,OWN,small_business,2
15114,36,11.89,616.75,35009,16.1,730,3,1.41,OWN,debt_consolidation,19
24164,60,18.1,313.35,148840,16.79,593,9,40.42,MORTGAGE,small_business,11
11627,60,6.17,97.02,92706,0.58,795,1,74.8,MORTGAGE,debt_consolidation,2
23297,36,23.73,958.69,28583,2.64,602,6,8.75,MORTGAGE,credit_card,3
5668,36,24.28,433.85,180756,3.14,722,8,73.02,RENT,credit_card,14
19443,36,13.82,1022.78,55391,29.95,685,17,109.6,MORTGAGE,small_business,9
5114,36,11.2,212.84,121040,18.83,584,8,91.11,MORTGAGE,credit_card,9
3671,60,27.2,632.59,95592,7.52,657,14,69.22,OWN,small_business,12
29308,60,23.26,1120.31,89231,10.86,712,4,44.62,OWN,credit_card,12
22736,60,22.13,860.84,195622,20.89,838,12,82.46,OWN,car,7
6439,60,17.26,475.42,21634,23.5,600,6,119.38,MORTGAGE,home_improvement,14
18576,60,27.87,136.75,34040,9.24,598,16,35.67,MORTGAGE,debt_consolidation,5
10018,36,16.53,849.77,96629,15.83,832,19,79.25,RENT,debt_consolidation,4
2987,36,7.79,711.03,89560,18.19,826,16,59.39,OWN,small_business,8
2262,60,7.9,380.91,153425,7.09,712,18,53.15,MORTGAGE,debt_consolidation,6
24944,60,22.0,200.49,91889,6.04,703,10,49.47,RENT,home_improvement,3
29270,36,9.06,1000.96,165131,3.46,744,19,3.43,MORTGAGE,debt_consolidation,6
11058,36,17.27,376.64,180802,14.44,804,7,13.69,RENT,car,5
26464,60,26.47,1144.54,73168,17.06,746,14,93.17,MORTGAGE,small_business,15
21980,60,27.19,556.41,54638,27.03,626,7,36.25,MORTGAGE,small_business,1
34361,36,24.39,680.98,136242,27.56,799,13,77.97,RENT,small_business,17
19935,60,9.36,86.02,27404,21.12,816,1,117.81,OWN,small_business,12
3642,36,27.07,823.26,161221,33.24,807,8,84.47,RENT,credit_card,0
29251,60,19.69,522.84,172963,20.79,724,7,97.36,RENT,car,10
1117,36,13.28,743.85,165891,6.42,684,9,108.56,OWN,debt_consolidation,10
15683,60,9.54,500.04,142897,18.51,737,12,77.36,RENT,credit_card,12
18453,60,27.05,1016.01,129657,27.77,734,10,25.22,RENT,small_business,6
2466,60,22.51,1014.87,134209,1.65,650,9,63.71,MORTGAGE,home_improvement,1
22804,60,13.54,859.78,163723,6.47,632,17,32.1,MORTGAGE,debt_consolidation,1
6644,36,21.84,876.69,95018,17.63,730,14,109.54,RENT,credit_card,8
20167,60,24.12,514.18,64294,24.53,649,17,15.41,OWN,car,7
16206,36,15.16,780.37,97613,13.21,673,18,76.01,RENT,debt_consolidation,4
2605,60,12.79,959.78,121776,0.67,614,12,45.78,MORTGAGE,credit_card,0
26556,60,20.6,694.61,113923,26.95,777,9,103.22,MORTGAGE,car,18
23056,36,6.47,1025.54,66492,23.65,832,3,29.08,OWN,credit_card,8
25466,60,22.71,301.19,87863,28.68,734,10,47.55,RENT,home_improvement,17
24173,36,6.68,203.13,134576,27.67,837,15,38.19,MORTGAGE,debt_consolidation,9
13713,36,16.69,534.23,162609,0.12,591,17,65.09,MORTGAGE,car,9
11751,36,10.56,808.67,139147,8.73,627,3,54.24,OWN,car,16
10879,36,14.12,866.3,34833,3.45,625,16,86.47,MORTGAGE,home_improvement,5
11225,36,23.64,692.24,35213,32.2,681,12,5.71,MORTGAGE,credit_card,18
8083,60,17.28,127.17,44002,11.26,632,7,81.8,RENT,car,16
30351,60,25.15,174.34,164228,10.86,667,13,84.51,RENT,debt_consolidation,19
1671,36,15.17,684.69,106613,5.44,735,7,61.27,RENT,credit_card,15
10316,36,23.05,632.68,89214,20.97,605,2,42.73,MORTGAGE,credit_card,11
11345,36,11.21,650.06,144016,32.81,616,5,107.51,OWN,credit_card,12
21963,36,20.13,746.53,133117,14.28,836,16,9.7,RENT,credit_card,16
8783,60,10.92,359.06,167932,30.27,661,8,21.69,MORTGAGE,home_improvement,9
17082,36,19.99,340.27,178624,3.75,610,13,15.66,RENT,small_business,16
23778,36,12.1,343.04,21844,20.95,784,12,15.81,RENT,debt_consolidation,6
20909,60,5.68,690.51,23573,4.3,634,18,9.49,RENT,debt_consolidation,8
22204,60,11.34,88.96,51852,0.3,631,2,9.88,MORTGAGE,small_business,5
11703,36,10.85,358.19,136981,11.17,715,13,24.41,OWN,home_improvement,14
31502,36,9.15,1143.01,61387,31.56,600,13,96.71,RENT,car,17
17616,60,21.98,386.26,163735,12.44,645,2,11.14,OWN,home_improvement,15
20218,60,24.91,988.78,69649,8.73,800,10,104.72,MORTGAGE,small_business,15
18154,60,16.89,722.0,22684,20.09,589,3,8.34,MORTGAGE,car,9
33921,60,20.53,777.57,65335,22.92,685,3,14.84,OWN,car,5
31209,36,16.8,1035.78,107157,24.94,718,19,112.48,MORTGAGE,small_business,8
18320,36,20.14,799.9,187927,16.59,814,8,28.7,RENT,credit_card,18
31303,60,18.54,684.21,29605,7.8,796,10,107.64,RENT,debt_consolidation,1
10528,36,12.36,122.33,98753,18.62,595,15,95.09,RENT,small_business,4
19412,36,17.49,999.11,153332,8.28,751,6,34.72,RENT,home_improvement,13
30796,36,12.63,679.05,30736,23.45,743,4,115.14,RENT,car,11
12138,36,11.91,1157.15,143935,3.63,609,7,21.27,OWN,small_business,16
33496,60,23.35,1093.33,70929,12.17,628,2,88.64,MORTGAGE,car,1
19157,36,18.14,969.44,56155,10.33,763,16,0.02,OWN,small_business,16
16728,36,7.93,833.44,98747,13.34,581,7,44.09,MORTGAGE,debt_consolidation,16
16892,60,11.55,830.24,147912,29.66,748,10,13.84,MORTGAGE,small_business,16
13226,36,9.19,696.62,35316,19.74,709,6,105.38,MORTGAGE,credit_card,7
32987,60,20.36,61.47,162575,19.86,773,1,72.61,RENT,small_business,5
16072,60,18.55,181.47,48401,17.46,655,11,59.32,RENT,debt_consolidation,17
2382,36,20.34,848.09,125940,18.09,604,16,52.1,RENT,home_improvement,17
9112,60,7.93,993.57,166127,4.88,713,12,111.92,OWN,credit_card,11
25765,36,13.91,531.46,183474,24.87,610,4,50.03,RENT,small_business,9
14516,36,15.61,165.01,193013,20.06,659,19,110.72,OWN,home_improvement,2
30723,36,21.38,598.87,123429,15.89,601,16,111.48,OWN,debt_consolidation,12
25364,36,16.28,1186.3,98487,3.34,847,11,63.46,RENT,debt_consolidation,19
3962,36,7.01,954.81,90400,4.52,705,8,30.44,MORTGAGE,car,14
17052,36,8.61,546.92,150117,30.59,741,18,26.11,RENT,debt_consolidation,1
18076,60,14.11,653.85,80112,13.0,753,8,98.43,MORTGAGE,debt_consolidation,9
30899,36,25.46,619.5,37830,25.39,717,10,119.21,RENT,credit_card,5
4439,60,6.5,671.0,186300,30.04,625,10,106.21,RENT,small_business,18
8243,60,15.88,92.82,113067,6.83,826,16,54.75,MORTGAGE,home_improvement,7
14009,60,25.24,127.92,20860,26.66,626,7,14.65,OWN,car,4
7539,60,27.99,145.97,137201,8.76,650,11,43.67,OWN,car,12
23180,60,15.29,673.15,117475,29.9,666,15,114.7,MORTGAGE,debt_consolidation,14
2191,36,12.08,325.37,122601,28.54,685,6,99.91,MORTGAGE,home_improvement,2
26316,36,12.09,951.93,104661,20.46,746,14,109.45,OWN,credit_card,17
21447,60,13.33,1047.57,151616,6.33,584,3,47.86,OWN,debt_consolidation,16
24793,60,22.37,756.23,112881,34.9,709,12,66.84,RENT,credit_card,11
22125,60,16.54,886.55,67062,32.87,750,6,63.83,OWN,home_improvement,19
6347,36,22.73,1076.76,88737,30.13,744,6,24.53,MORTGAGE,car,7
24017,36,21.14,616.09,95440,24.84,796,6,22.56,RENT,debt_consolidation,0
24236,60,27.6,495.62,63026,19.91,802,15,101.67,MORTGAGE,credit_card,2
19485,36,23.27,1072.79,123533,21.54,773,12,21.17,MORTGAGE,credit_card,0
29380,60,15.03,908.12,145307,1.52,755,19,10.19,MORTGAGE,small_business,13
9640,36,24.23,604.19,59441,28.08,627,2,11.95,MORTGAGE,home_improvement,18
25253,36,12.09,403.96,151465,26.34,748,17,12.98,OWN,credit_card,17
28794,36,10.29,700.48,114356,20.24,609,19,69.42,MORTGAGE,small_business,5
15178,36,7.61,1046.6,97080,34.2,799,11,113.51,OWN,credit_card,16
21530,36,26.91,459.82,147705,18.22,612,6,62.18,OWN,car,11
1162,36,19.67,308.86,29926,30.85,784,6,90.04,RENT,home_improvement,4
16795,60,19.0,825.13,41485,26.66,817,2,61.81,RENT,credit_card,17
25565,60,25.7,735.27,30988,5.51,732,17,72.85,MORTGAGE,home_improvement,1
6287,36,5.93,198.45,97988,3.07,635,17,78.59,RENT,debt_consolidation,3
14798,36,19.83,342.31,116931,14.61,620,6,84.17,MORTGAGE,credit_card,15
30426,36,26.36,438.19,143936,28.85,641,11,39.0,MORTGAGE,car,6
6033,60,7.93,794.29,37021,13.06,658,1,12.02,MORTGAGE,debt_consolidation,13
23668,60,12.08,168.24,49415,8.0,655,17,98.8,MORTGAGE,home_improvement,13
9680,36,15.49,856.12,152737,15.33,754,15,72.43,RENT,small_business,7
20738,60,12.83,838.95,64561,23.13,630,4,42.03,MORTGAGE,home_improvement,9
26920,60,9.38,589.99,125209,25.3,677,8,21.16,MORTGAGE,car,6
13360,36,10.19,655.54,43807,33.8,772,18,59.53,MORTGAGE,debt_consolidation,10
33626,36,20.78,119.9,139178,9.02,586,10,2.02,OWN,car,3
21863,60,13.38,208.74,169428,29.83,594,19,57.79,OWN,small_business,18
20710,36,11.01,746.97,147162,28.77,645,15,91.89,MORTGAGE,credit_card,5
14686,60,12.47,804.57,51001,9.51,819,8,5.95,MORTGAGE,car,1
8564,36,14.08,548.42,175190,5.99,668,6,46.05,OWN,credit_card,11
13149,60,20.25,644.49,122528,26.65,825,3,64.03,RENT,car,16
21331,60,16.87,187.69,87696,11.54,657,2,94.21,MORTGAGE,debt_consolidation,11
16534,60,9.57,98.34,144045,25.46,711,13,62.3,OWN,small_business,17
24849,36,18.44,90.47,171408,26.43,838,13,22.71,OWN,credit_card,11
9716,60,17.86,132.11,83862,19.69,817,13,32.15,RENT,home_improvement,7
19271,36,18.35,700.48,41471,24.26,594,17,119.04,RENT,debt_consolidation,18
34687,60,14.46,605.72,25378,28.49,600,8,106.74,OWN,small_business,15
14395,36,5.73,954.87,62634,22.08,700,10,1.91,RENT,debt_consolidation,17
19324,60,17.8,855.72,137784,27.08,581,19,28.5,OWN,credit_card,16
1570,36,14.61,456.41,185130,33.48,763,4,71.61,OWN,credit_card,0
11655,60,14.22,736.97,90160,31.14,613,9,85.45,OWN,credit_card,4
24398,36,10.05,1130.79,87147,20.23,700,1,11.68,RENT,small_business,10
19990,60,13.36,1108.53,137159,2.72,591,2,40.18,MORTGAGE,credit_card,9
13109,60,5.97,783.83,107414,29.09,737,2,91.14,RENT,credit_card,19
5142,60,7.87,893.59,172834,32.68,790,2,15.06,MORTGAGE,car,12
4907,36,20.45,97.26,186458,23.36,742,16,90.98,MORTGAGE,car,2
7738,60,27.37,868.35,50373,6.13,848,17,92.56,OWN,small_business,16
31075,60,10.59,234.43,138296,24.59,678,10,108.04,MORTGAGE,debt_consolidation,6
25354,60,11.06,1050.27,23608,30.02,646,12,34.27,MORTGAGE,small_business,4
28632,36,26.45,341.47,181503,15.74,714,7,19.78,MORTGAGE,car,8
26338,36,13.41,78.17,33763,10.58,657,19,64.25,OWN,credit_card,2
15210,60,5.66,219.78,185432,2.55,834,12,78.24,MORTGAGE,debt_consolidation,14
19850,60,16.76,985.09,31282,15.33,608,1,67.58,OWN,car,12
14284,60,14.12,779.73,148684,33.38,727,16,76.31,RENT,credit_card,10
8263,60,27.44,1186.9,118328,6.8,745,8,7.99,MORTGAGE,car,5
16087,60,16.65,713.05,60213,13.53,799,12,21.39,RENT,credit_card,6
2813,60,14.83,158.64,89098,21.87,723,3,84.83,OWN,home_improvement,5
7509,60,15.32,145.14,197801,17.29,811,15,114.25,RENT,debt_consolidation,4
34174,36,10.42,397.28,129806,6.14,719,1,85.63,MORTGAGE,debt_consolidation,12
18695,60,23.13,1075.42,134795,10.74,660,13,102.61,RENT,credit_card,5
29132,60,25.61,1059.91,33937,0.81,629,10,71.14,OWN,small_business,6
32667,36,12.06,1065.64,128034,5.85,664,4,74.84,OWN,home_improvement,2
19504,36,22.81,769.08,28911,13.23,823,19,17.71,RENT,debt_consolidation,17
21918,36,18.86,243.8,123100,12.87,642,11,43.27,MORTGAGE,car,9
23057,36,6.19,212.51,187401,18.08,768,14,66.26,OWN,debt_consolidation,14
23663,36,6.18,1106.12,149997,5.72,844,2,111.71,MORTGAGE,car,5
6594,36,16.77,705.07,138962,8.3,610,15,10.83,MORTGAGE,home_improvement,14
18508,36,14.88,867.29,148491,29.06,675,1,104.27,MORTGAGE,home_improvement,17
7221,36,25.27,288.41,50545,22.28,821,2,102.62,MORTGAGE,small_business,11
10867,60,14.68,797.68,181602,22.01,809,6,27.0,OWN,small_business,3
33115,60,21.11,341.49,116589,26.25,823,5,40.52,MORTGAGE,home_improvement,17
23662,36,14.56,59.43,92981,33.11,808,6,39.61,RENT,home_improvement,10
23415,36,17.03,448.42,68629,33.32,803,19,38.02,RENT,debt_consolidation,12
5586,60,24.01,749.1,79977,16.52,769,18,26.83,RENT,car,6
24411,36,25.06,858.21,107189,32.18,829,11,67.59,RENT,small_business,4
27431,36,16.38,1128.84,71965,25.31,671,14,10.71,OWN,credit_card,16
9717,60,14.14,142.24,96015,21.09,593,12,100.36,MORTGAGE,debt_consolidation,2
19279,36,12.19,1022.89,61001,33.19,677,5,31.92,MORTGAGE,small_business,4
12439,36,16.82,325.36,34017,21.99,628,4,61.68,RENT,car,4
14409,60,27.31,243.68,76480,26.48,666,8,42.81,RENT,home_improvement,4
34030,60,9.4,713.45,165205,1.46,614,13,93.35,RENT,home_improvement,12
10348,60,18.31,873.96,170161,31.7,786,15,1.22,OWN,car,5
16810,36,21.37,397.51,85107,22.62,697,18,66.82,MORTGAGE,home_improvement,11
26274,36,22.23,239.06,159425,21.12,722,1,67.58,OWN,debt_consolidation,8
31663,60,13.3,415.09,44992,33.89,804,14,59.0,MORTGAGE,debt_consolidation,10
10256,36,5.88,1186.88,33369,23.92,792,10,74.68,RENT,home_improvement,7
29310,60,27.09,1055.01,122262,24.75,632,9,62.18,RENT,home_improvement,9
3352,60,26.52,1170.43,105839,4.67,789,4,27.86,RENT,credit_card,4
4292,60,26.08,437.38,78103,29.91,735,15,85.56,RENT,car,6
11647,36,13.1,950.4,89817,18.73,796,12,99.13,OWN,credit_card,3
17422,36,12.99,514.98,195760,10.77,797,9,98.44,MORTGAGE,car,6
20982,60,6.59,287.6,59459,5.78,663,14,90.3,RENT,small_business,11
14675,60,7.74,387.65,135517,20.86,688,1,74.32,MORTGAGE,car,18
4709,60,14.98,188.97,133570,19.18,704,18,95.83,MORTGAGE,car,18
9152,60,12.8,276.09,62368,25.42,815,11,15.76,RENT,credit_card,6
20330,60,9.09,1023.57,115675,6.23,632,2,70.86,RENT,car,13
6581,60,21.27,860.77,155141,21.85,642,5,15.96,OWN,credit_card,11
8754,60,11.84,312.56,179015,10.88,624,8,57.01,RENT,home_improvement,7
21922,60,15.88,239.49,73606,13.0,703,1,15.59,OWN,credit_card,13
34418,36,16.99,1194.65,92582,33.92,634,12,65.69,OWN,small_business,0
2881,60,23.31,333.14,149257,18.75,822,3,17.37,OWN,debt_consolidation,6
14666,60,10.39,456.45,87957,9.03,776,12,28.73,MORTGAGE,car,0
16934,36,19.59,86.99,74979,27.79,776,14,86.57,OWN,debt_consolidation,14
14699,36,24.86,966.19,162463,3.08,841,12,65.2,MORTGAGE,home_improvement,13
21213,60,22.08,91.71,113059,28.79,810,13,56.69,OWN,small_business,2
9226,36,23.28,534.56,60963,2.59,741,3,16.87,MORTGAGE,home_improvement,6
21128,60,20.99,702.93,161043,17.14,846,6,0.15,OWN,debt_consolidation,5
24501,36,16.08,742.89,89830,11.68,818,1,84.63,OWN,debt_consolidation,19
21469,60,9.29,839.37,158863,28.59,759,12,4.22,RENT,car,7
28529,60,20.99,278.96,167865,4.88,631,14,38.37,RENT,credit_card,11
24283,36,11.18,678.32,108860,17.24,737,3,35.42,MORTGAGE,car,16
1197,60,18.66,268.25,80049,30.43,593,6,63.82,RENT,car,6
31137,36,25.12,650.62,56108,31.22,674,19,44.16,OWN,credit_card,2
13905,36,21.5,763.54,175117,25.64,788,13,82.93,OWN,car,12
19311,36,12.91,393.0,148161,32.87,788,2,116.38,RENT,small_business,17
33556,36,20.48,302.04,198648,21.19,754,6,47.56,OWN,credit_card,12
29369,60,18.81,276.94,198826,30.26,654,18,117.28,OWN,debt_consolidation,17
16646,60,27.57,299.11,50932,1.57,824,11,75.88,RENT,car,5
10435,60,15.5,318.74,59865,22.66,770,2,91.73,OWN,debt_consolidation,17
33113,60,8.43,106.39,25054,3.87,587,19,58.45,OWN,debt_consolidation,5
26431,36,26.5,774.8,132308,3.32,662,15,84.66,RENT,debt_consolidation,17
19322,60,9.51,422.89,151059,21.82,662,18,17.66,RENT,credit_card,5
4810,36,25.83,1007.1,47944,32.1,661,18,18.8,OWN,car,11
17843,36,10.97,303.95,198469,29.8,742,10,82.67,RENT,credit_card,16
20702,36,21.02,702.24,32281,5.4,648,10,47.64,OWN,debt_consolidation,15
19351,36,10.23,801.78,36923,20.91,802,2,16.86,RENT,debt_consolidation,7
32521,36,13.12,300.26,174123,13.04,828,19,79.15,OWN,credit_card,14
16352,60,13.24,1083.21,46921,26.71,735,8,107.97,OWN,debt_consolidation,3
15191,36,7.47,484.49,188280,1.8,600,7,110.26,MORTGAGE,small_business,12
29087,60,21.04,687.44,33891,34.0,611,5,13.49,MORTGAGE,debt_consolidation,2
4262,60,15.98,800.41,155295,17.5,593,11,73.79,RENT,credit_card,2
27737,36,21.05,979.9,80405,18.31,848,16,44.26,MORTGAGE,home_improvement,11
11938,36,17.83,788.45,73662,13.4,702,15,40.5,MORTGAGE,debt_consolidation,18
22689,60,9.31,760.49,120770,33.91,716,9,66.93,OWN,credit_card,6
18400,60,16.17,701.84,117074,11.94,731,17,29.43,RENT,car,6
30165,60,22.07,992.16,188151,21.85,723,14,79.0,OWN,credit_card,8
10374,60,10.91,1064.93,157465,27.0,778,7,117.2,MORTGAGE,credit_card,3
6867,36,15.16,478.67,186040,11.53,635,18,111.67,MORTGAGE,credit_card,18
9984,36,9.7,838.41,178276,34.95,677,11,57.72,RENT,home_improvement,18
33793,60,11.18,1109.84,62154,2.35,760,12,103.75,OWN,car,19
30850,36,16.31,747.5,84206,23.81,787,3,22.34,MORTGAGE,car,15
33528,36,27.94,591.6,180544,4.21,634,17,97.05,OWN,small_business,10
17032,60,19.44,696.02,117366,7.7,828,2,110.37,OWN,credit_card,11
34400,36,23.61,106.42,111291,26.01,764,12,102.95,RENT,car,19
16275,60,19.18,1017.96,111703,12.23,678,9,80.31,MORTGAGE,credit_card,11
11973,36,11.36,1080.85,42713,28.11,603,7,54.68,OWN,small_business,6
8056,60,25.7,498.7,49895,0.78,766,8,26.51,OWN,home_improvement,15
4913,36,21.91,881.42,51188,32.62,791,3,60.01,OWN,home_improvement,2
27657,36,22.85,316.46,109059,27.12,802,13,83.76,RENT,home_improvement,4
17241,60,20.91,86.87,28048,9.12,602,14,85.33,MORTGAGE,car,16
22606,60,15.83,969.18,25834,5.63,616,16,59.85,OWN,small_business,16
20173,60,20.07,769.63,129777,14.08,782,4,1.9,RENT,car,7
17346,36,17.2,957.82,100196,21.27,747,19,72.45,RENT,small_business,11
34828,36,26.5,421.94,113075,25.84,714,13,119.09,RENT,car,8
26232,36,18.43,607.6,116875,25.41,804,6,5.94,RENT,credit_card,12
32508,36,6.68,191.92,161006,28.53,840,2,113.67,RENT,home_improvement,6
32575,36,25.67,54.15,56069,14.59,595,11,93.82,MORTGAGE,small_business,14
18761,36,13.68,540.81,33133,27.68,585,5,33.62,OWN,car,16
23440,60,26.95,677.96,84936,2.52,849,9,56.67,RENT,car,9
18519,36,16.33,899.59,163857,23.13,669,15,48.23,MORTGAGE,debt_consolidation,1
11531,60,21.88,175.58,67995,6.28,718,5,101.32,RENT,home_improvement,3
2361,36,12.3,286.25,155733,16.4,592,3,72.03,OWN,debt_consolidation,12
26791,60,12.81,383.38,85020,11.59,829,12,46.12,OWN,debt_consolidation,10
22949,36,24.5,593.85,53617,30.44,677,8,17.5,OWN,car,6
17832,60,19.03,298.78,82759,16.27,665,12,104.21,OWN,debt_consolidation,10
13087,36,24.14,791.58,110894,25.75,804,10,52.15,RENT,home_improvement,11
6776,60,27.59,1095.35,25456,20.1,661,10,86.71,RENT,home_improvement,14
24559,36,12.11,440.82,89400,22.62,669,4,34.93,OWN,credit_card,19
20309,36,24.28,176.36,134135,19.36,787,4,1.33,RENT,home_improvement,15
28169,60,10.82,325.78,27782,15.72,759,18,94.51,MORTGAGE,home_improvement,6
3172,36,9.73,98.23,110367,11.76,609,12,77.56,OWN,home_improvement,9
3243,60,7.8,288.84,41031,0.45,586,15,50.46,OWN,credit_card,9
5621,60,24.27,341.65,62281,25.37,756,4,55.57,MORTGAGE,car,18
33567,36,14.53,1156.06,103904,21.44,756,1,80.29,MORTGAGE,small_business,12
12016,36,15.21,987.89,183727,24.14,791,17,58.21,RENT,credit_card,19
14843,36,6.54,158.99,113077,29.56,707,5,77.26,MORTGAGE,home_improvement,16
34751,60,17.17,832.28,49105,17.31,765,10,29.74,RENT,credit_card,0
17994,60,15.47,1143.63,132431,32.86,621,18,15.03,RENT,debt_consolidation,1
34082,60,15.48,1064.4,70262,9.28,732,14,78.3,RENT,home_improvement,17
17574,36,9.02,385.69,38973,28.84,633,7,102.76,OWN,debt_consolidation,11
27900,60,21.88,1063.7,133307,6.1,822,4,68.55,OWN,credit_card,16
30831,60,21.28,690.91,40557,1.61,700,9,59.25,MORTGAGE,credit_card,7
19381,60,10.14,698.16,70756,26.3,673,5,56.79,MORTGAGE,home_improvement,9
3491,36,25.19,815.29,122793,5.39,827,11,75.74,OWN,car,13
30467,36,21.63,958.75,144766,10.98,588,18,32.39,OWN,home_improvement,14
33479,36,7.77,1004.52,186447,13.03,777,4,21.23,RENT,small_business,8
12382,60,7.4,63.93,37674,6.99,754,3,72.26,RENT,car,1
24383,36,26.65,569.24,122299,5.28,721,7,81.0,MORTGAGE,small_business,4
30373,60,26.4,850.67,73219,3.92,639,12,30.88,RENT,debt_consolidation,0
14331,60,6.14,832.24,93392,25.35,711,8,8.06,RENT,small_business,8
13175,60,26.6,675.89,25474,31.04,791,19,0.27,OWN,credit_card,0
12338,60,19.9,836.68,81354,31.92,619,19,17.9,OWN,credit_card,0
22205,36,12.09,762.02,163538,3.08,839,3,49.71,OWN,credit_card,15
33441,60,21.43,101.06,71940,34.3,845,8,28.36,RENT,debt_consolidation,8
31734,36,10.38,952.32,61334,17.05,794,12,83.75,MORTGAGE,car,6
13677,60,19.95,85.53,164174,30.01,612,10,113.35,RENT,debt_consolidation,2
33602,36,18.37,416.51,67025,33.98,709,16,25.21,MORTGAGE,car,3
19450,36,11.73,1136.62,72633,18.94,829,7,112.6,OWN,credit_card,19
7837,36,10.18,479.3,165639,26.92,633,9,116.79,OWN,small_business,13
19284,36,15.28,1086.52,137887,23.08,790,2,107.16,OWN,debt_consolidation,9
16511,36,18.52,430.35,82485,31.89,794,19,25.29,MORTGAGE,car,0
9210,36,6.77,245.79,108484,14.91,725,16,103.83,OWN,car,2
15215,60,6.21,308.09,25461,9.27,845,10,0.63,MORTGAGE,debt_consolidation,16
2341,36,16.3,674.59,35050,8.51,612,5,8.58,OWN,debt_consolidation,18
21607,36,21.14,470.18,104675,10.79,826,6,93.86,MORTGAGE,car,16
18327,36,23.63,1094.16,70974,0.1,614,1,115.24,RENT,car,0
3951,36,7.36,840.72,27386,14.06,682,11,86.82,RENT,debt_consolidation,17
12407,60,9.74,96.32,173916,8.49,813,19,61.1,RENT,home_improvement,12
13602,36,14.93,961.96,90278,25.41,622,7,61.88,RENT,debt_consolidation,3
32030,36,15.52,1049.55,28673,5.1,743,11,2.81,RENT,home_improvement,15
14703,36,24.1,188.65,174642,22.93,759,6,48.87,OWN,home_improvement,7
23357,60,9.72,102.71,87393,34.28,722,9,108.91,MORTGAGE,debt_consolidation,4
5873,36,17.8,593.03,174342,28.28,580,5,9.94,MORTGAGE,small_business,2
29693,60,11.22,421.07,108705,8.54,767,7,9.69,MORTGAGE,credit_card,6
24669,36,23.13,304.19,35963,23.72,603,18,36.84,OWN,car,1
13595,36,10.31,878.87,60916,3.3,688,5,70.91,RENT,credit_card,13
26879,36,25.25,495.14,51171,25.51,818,16,24.88,MORTGAGE,car,13
34187,36,7.53,169.62,60770,25.63,800,9,38.03,MORTGAGE,car,17
28747,36,22.82,113.79,74524,16.69,639,7,90.56,OWN,car,11
18010,60,7.48,602.66,188138,5.24,585,8,71.03,OWN,small_business,7
27627,60,19.48,685.8,148344,1.29,705,18,114.25,RENT,credit_card,11
13852,60,6.84,657.06,160716,34.01,595,18,88.72,RENT,home_improvement,10
34489,36,15.4,382.28,63388,32.62,814,12,97.59,RENT,home_improvement,17
15622,60,13.98,752.46,43423,16.66,658,12,66.18,RENT,car,14
3105,60,21.86,1143.5,119138,26.08,811,16,64.28,RENT,debt_consolidation,8
16470,60,25.42,597.95,34787,16.51,587,18,40.39,RENT,debt_consolidation,0
23423,36,22.68,394.93,170170,7.8,689,12,18.96,OWN,debt_consolidation,10
20282,60,21.37,604.59,108545,30.82,626,9,59.77,OWN,credit_card,5
17370,60,27.04,462.42,76093,31.52,596,7,12.01,OWN,car,8
15287,60,27.9,590.07,142043,7.37,741,10,115.29,MORTGAGE,small_business,17
30523,36,5.68,252.98,48787,0.05,785,16,7.13,OWN,car,16
21350,36,8.26,872.8,109359,17.81,781,17,38.73,RENT,car,19
13306,60,8.12,856.75,97780,4.18,656,12,24.97,RENT,car,6
16850,36,21.93,439.23,68392,32.29,817,10,26.4,RENT,credit_card,17
26188,60,21.17,547.66,186816,17.68,819,2,41.52,MORTGAGE,credit_card,6
18824,36,11.77,851.8,61132,22.55,649,11,88.4,RENT,credit_card,19
31841,36,13.6,225.59,89859,26.64,838,7,21.62,OWN,debt_consolidation,3
32897,60,14.34,465.12,58334,16.14,773,2,8.5,RENT,small_business,7
19017,36,14.32,649.26,99258,14.36,661,3,41.24,RENT,small_business,16
16485,36,9.49,248.32,113593,11.59,688,8,97.27,OWN,debt_consolidation,13
29128,60,9.56,677.12,175816,31.99,624,13,79.68,RENT,credit_card,12
33606,60,20.82,488.97,42413,28.17,642,2,53.59,MORTGAGE,credit_card,19
14026,60,11.6,443.9,87656,8.22,621,11,48.22,MORTGAGE,home_improvement,16
16187,60,22.88,537.78,68886,22.09,605,4,95.1,MORTGAGE,small_business,18
23250,60,27.35,93.42,149841,20.52,845,9,51.75,RENT,home_improvement,6
15472,36,10.37,1148.58,93198,10.35,848,1,64.04,MORTGAGE,debt_consolidation,11
12005,60,19.78,683.53,164802,22.02,713,13,20.33,RENT,car,13
30122,60,23.18,874.57,169631,26.07,794,5,95.59,OWN,debt_consolidation,16
28952,60,24.37,503.38,173138,27.12,789,6,5.59,OWN,home_improvement,11
13112,60,15.7,508.43,81472,21.95,711,10,62.14,RENT,small_business,19
17446,60,9.82,560.3,84546,25.38,763,8,24.44,RENT,car,7
17371,60,9.49,831.43,129418,8.5,645,13,116.42,RENT,home_improvement,6
5014,36,10.57,1127.56,144822,21.12,662,3,73.0,OWN,credit_card,16
8008,60,22.62,317.52,174737,23.33,706,16,40.16,MORTGAGE,small_business,15
15357,36,18.68,719.27,48949,29.61,655,15,45.86,RENT,home_improvement,6
31119,36,26.05,412.54,80503,27.91,822,12,78.43,RENT,small_business,6
28364,60,11.58,1103.82,171950,22.87,713,13,59.17,OWN,home_improvement,1
21733,36,19.56,133.44,23139,32.78,748,8,81.68,RENT,debt_consolidation,12
30855,36,22.94,198.79,108534,31.96,715,9,13.59,MORTGAGE,car,2
25262,60,13.64,516.99,85270,0.23,823,9,109.97,RENT,home_improvement,10
22776,60,16.29,795.69,196752,3.79,680,18,77.71,MORTGAGE,small_business,14
28773,60,25.85,651.75,67229,32.89,624,16,92.09,OWN,credit_card,4
32238,60,8.04,253.27,65858,18.01,748,18,97.48,OWN,home_improvement,2
11073,60,20.58,136.54,193062,0.89,602,11,33.2,MORTGAGE,debt_consolidation,0
32703,36,20.39,690.12,48063,19.32,657,17,65.62,RENT,credit_card,15
17369,36,9.43,754.11,76369,11.01,788,17,100.97,OWN,car,8
27928,60,24.62,94.63,199702,3.37,844,7,8.32,MORTGAGE,car,19
11554,36,19.75,510.45,86376,21.61,838,2,66.07,RENT,debt_consolidation,6
23052,36,6.28,896.4,69934,33.55,848,8,18.63,RENT,car,5
6619,60,6.36,512.8,87719,26.55,768,5,91.26,RENT,debt_consolidation,8
7910,60,6.44,1128.97,86038,27.92,710,17,78.49,RENT,home_improvement,1
29295,60,16.29,107.48,176723,34.93,705,19,106.27,RENT,home_improvement,13
5555,60,12.06,572.02,36291,18.73,768,3,6.77,OWN,car,16
12003,60,23.63,927.26,118896,2.93,716,14,5.49,MORTGAGE,debt_consolidation,19
24821,36,25.93,495.05,193469,28.09,596,11,110.56,MORTGAGE,small_business,9
6573,36,6.02,57.58,98596,33.09,752,6,119.93,OWN,credit_card,19
30134,60,21.95,420.28,72685,13.33,782,11,11.35,OWN,car,19
24544,60,6.26,596.66,193652,11.64,799,12,52.12,MORTGAGE,credit_card,14
32480,60,8.66,274.1,115364,29.54,825,12,59.71,OWN,small_business,14
17508,36,21.43,1102.41,94843,18.5,707,11,114.72,RENT,home_improvement,4
11724,60,19.85,1127.48,170404,26.76,588,6,6.03,RENT,debt_consolidation,15
34591,60,18.19,705.65,78936,22.37,844,5,35.26,RENT,home_improvement,15
17932,36,10.19,552.64,178239,1.52,678,11,14.2,OWN,credit_card,13
24093,60,27.36,401.97,32735,2.79,788,5,34.01,MORTGAGE,credit_card,1
6240,60,5.85,686.59,173525,16.88,765,4,78.96,OWN,small_business,14
10794,36,18.72,1188.6,144387,34.15,739,3,39.65,OWN,home_improvement,2
29141,60,13.52,728.22,52286,9.79,825,2,1.76,OWN,debt_consolidation,14
32598,60,12.62,716.59,193707,27.23,799,4,76.73,OWN,debt_consolidation,17
16524,36,12.08,1188.32,30932,5.54,695,9,43.27,MORTGAGE,credit_card,17
33580,60,9.46,587.91,158024,29.23,747,7,111.36,OWN,small_business,7
10783,36,20.04,1092.02,102462,9.82,741,6,49.53,RENT,small_business,2
5017,60,12.93,844.21,159598,26.65,617,17,57.22,RENT,debt_consolidation,19
32910,36,8.96,281.24,82740,30.77,708,7,11.05,RENT,home_improvement,10
8166,36,25.84,871.72,49543,26.56,604,6,6.56,RENT,small_business,12
33413,36,25.12,277.35,86421,13.72,616,16,21.42,MORTGAGE,credit_card,16
34572,60,10.54,1048.16,78451,12.38,803,14,46.55,OWN,credit_card,10
18058,36,21.87,176.48,133538,30.06,591,16,94.41,RENT,home_improvement,13
32910,60,20.18,995.56,36531,27.87,768,16,36.12,MORTGAGE,home_improvement,4
9333,60,11.7,639.9,41310,4.63,698,14,19.01,OWN,credit_card,9
32647,60,17.81,210.43,134177,21.61,643,10,19.36,OWN,home_improvement,15
18558,36,27.38,50.49,181333,11.75,803,5,80.57,OWN,credit_card,2
19019,60,16.98,651.72,187384,2.82,822,7,53.19,OWN,small_business,14
8788,60,19.56,882.8,41162,28.93,668,14,29.29,RENT,home_improvement,11
6906,36,15.77,974.32,82093,21.26,602,9,46.13,RENT,car,11
7471,60,8.06,920.09,115996,17.49,670,1,7.72,OWN,car,18
10603,60,11.22,1088.96,42105,9.39,727,3,30.74,MORTGAGE,home_improvement,10
7099,36,14.87,498.1,29795,19.78,794,17,80.25,RENT,home_improvement,7
13541,60,23.51,819.36,123800,21.71,801,12,17.81,MORTGAGE,car,1
11433,60,8.37,384.54,64088,10.57,635,10,29.78,RENT,debt_consolidation,17
22384,36,6.83,751.35,38354,20.49,785,19,12.69,RENT,debt_consolidation,12
30192,60,18.5,683.64,172898,24.94,620,9,107.61,RENT,car,17
30734,60,27.28,1134.42,87958,28.46,811,18,41.77,OWN,home_improvement,4
5213,60,15.98,110.15,91587,19.07,787,18,3.19,MORTGAGE,small_business,2
4987,36,18.04,546.9,85199,2.31,746,3,117.34,RENT,debt_consolidation,19
28122,36,6.42,420.34,87824,17.45,659,4,110.37,RENT,small_business,6
4158,60,12.79,311.92,46842,12.16,684,13,77.9,MORTGAGE,small_business,2
2021,60,26.87,439.83,194008,1.34,678,8,114.12,MORTGAGE,car,9
21764,36,13.89,95.98,56088,24.46,611,11,30.39,MORTGAGE,car,2
24624,36,22.36,690.35,117383,29.05,693,13,112.06,RENT,car,18
13997,60,26.26,116.43,164458,13.66,736,12,85.71,OWN,home_improvement,5
11395,60,19.6,1138.93,158110,3.61,775,11,1.12,OWN,car,13
25941,60,5.86,889.51,118172,23.76,772,12,79.33,OWN,car,3
21908,36,6.23,1113.61,151067,14.15,840,3,11.18,RENT,home_improvement,9
15226,60,12.06,1178.09,28301,11.42,762,18,18.09,RENT,home_improvement,13
1163,36,15.06,1008.21,38982,28.8,696,17,22.36,RENT,credit_card,6
30340,60,15.05,858.27,170915,8.41,686,17,49.61,RENT,small_business,13
17653,36,16.74,197.83,68384,8.23,775,9,40.58,RENT,car,1
10968,36,6.49,651.88,30518,21.62,756,19,80.32,OWN,home_improvement,5
7008,60,15.81,262.32,63347,9.09,652,17,27.24,MORTGAGE,small_business,15
22233,60,26.39,633.47,103940,15.94,693,5,112.71,MORTGAGE,debt_consolidation,5
16504,36,8.22,528.19,30711,8.65,689,12,27.97,OWN,small_business,1
10984,60,18.89,837.58,125806,2.21,761,1,79.23,RENT,home_improvement,11
1238,60,11.33,215.89,110236,3.3,589,11,53.01,RENT,debt_consolidation,3
9007,36,18.1,1108.64,49493,3.69,614,11,13.4,RENT,car,2
20769,60,14.39,847.74,59103,8.59,811,3,99.5,MORTGAGE,home_improvement,2
3551,36,7.66,547.35,178456,11.32,709,6,61.07,RENT,credit_card,19
18262,60,21.56,427.14,130515,34.76,655,7,2.93,MORTGAGE,debt_consolidation,18
27910,60,22.77,1195.24,110380,29.79,699,15,33.58,OWN,credit_card,6
19062,60,10.78,202.95,83118,1.39,642,13,52.75,OWN,credit_card,6
2551,60,18.41,1119.76,122599,18.28,779,9,43.83,RENT,home_improvement,12
31951,60,23.9,1024.12,130532,17.51,638,6,35.99,RENT,home_improvement,4
8941,60,21.92,1075.65,103184,6.93,680,18,84.59,MORTGAGE,car,11
10956,36,23.68,238.59,104811,26.38,631,6,13.59,OWN,small_business,16
6978,60,14.55,132.14,173488,26.29,588,5,95.49,MORTGAGE,car,15
5481,36,6.43,612.87,39703,12.14,694,7,71.29,MORTGAGE,credit_card,9
15541,36,16.98,161.22,21646,20.79,724,15,118.02,RENT,credit_card,6
11799,60,14.8,581.57,73409,26.14,746,10,9.66,RENT,home_improvement,19
19271,36,7.77,289.64,113758,13.14,662,5,50.81,RENT,small_business,7
14288,36,15.31,966.98,142766,28.22,784,4,57.17,MORTGAGE,credit_card,5
15394,60,27.93,1062.87,154928,29.11,589,19,85.2,RENT,car,18
21452,36,27.31,184.44,37762,14.94,787,18,64.94,RENT,credit_card,7
16284,60,22.48,906.67,172007,15.29,834,3,95.9,RENT,credit_card,11
19990,36,24.56,813.6,53161,11.88,650,11,116.23,MORTGAGE,car,10
26559,60,11.7,476.52,164499,5.65,760,11,70.15,RENT,credit_card,8
17984,36,27.8,983.79,163361,8.3,581,13,76.03,MORTGAGE,debt_consolidation,13
5875,36,27.83,953.0,25664,24.7,840,8,2.46,MORTGAGE,small_business,19
18100,60,16.9,175.1,139104,3.17,776,15,118.79,OWN,small_business,13
33373,60,11.23,159.87,197195,22.17,758,16,46.51,OWN,debt_consolidation,14
1526,60,8.92,265.1,92796,27.27,611,1,5.83,OWN,small_business,14
1869,60,24.07,851.91,96303,12.16,749,7,104.65,OWN,credit_card,2
22592,60,24.22,415.94,134817,5.72,737,10,21.25,OWN,car,16
16251,36,18.48,1181.76,91296,1.88,799,1,32.12,OWN,home_improvement,16
18478,60,24.08,206.72,167139,24.71,716,1,56.48,OWN,small_business,17
9927,36,22.86,288.51,156876,19.86,700,17,26.7,RENT,credit_card,18
29734,60,27.15,1010.93,108301,34.44,840,10,48.89,MORTGAGE,credit_card,12
33003,60,26.37,1121.37,58930,2.09,780,8,82.62,MORTGAGE,home_improvement,6
21855,36,27.17,729.6,176308,7.1,756,19,54.7,MORTGAGE,home_improvement,15
23677,60,16.58,505.65,115973,34.62,666,3,87.45,RENT,car,1
19626,36,15.8,688.82,24137,21.42,755,4,33.91,OWN,car,7
24895,60,22.66,167.76,131670,12.18,641,15,71.67,OWN,small_business,0
14006,60,8.76,913.29,65318,8.05,648,13,33.79,OWN,car,18
12108,36,6.35,586.03,38787,23.02,662,1,6.88,MORTGAGE,small_business,18
22852,60,19.19,178.33,186759,25.69,773,17,60.92,MORTGAGE,debt_consolidation,4
30437,60,22.36,966.65,69823,9.52,614,11,3.88,RENT,car,1
22638,60,24.43,656.18,35674,0.67,770,13,27.57,RENT,debt_consolidation,7
12523,60,7.02,156.89,198681,28.93,798,11,101.78,OWN,debt_consolidation,5
33966,60,6.22,62.15,44488,13.71,782,18,78.33,OWN,credit_card,8
7855,60,11.51,995.81,60023,14.96,624,2,92.48,OWN,home_improvement,7
32110,60,10.31,547.46,191768,29.41,707,7,111.43,MORTGAGE,credit_card,11
8424,36,15.67,273.48,105799,25.08,720,2,118.59,MORTGAGE,car,4
21470,36,14.9,101.62,88334,3.2,834,10,60.03,RENT,small_business,3
14156,36,22.12,1006.62,164603,9.63,757,3,110.83,MORTGAGE,debt_consolidation,17
2381,36,13.76,422.27,65321,8.09,706,3,46.11,RENT,debt_consolidation,0
33093,36,12.78,437.47,108961,2.09,640,4,115.29,OWN,small_business,12
5735,36,21.21,920.2,81599,5.66,602,7,78.88,MORTGAGE,car,18
12336,36,6.08,861.44,149611,12.24,840,2,32.54,RENT,small_business,15
16493,60,25.95,1065.37,152959,3.42,707,4,81.24,OWN,car,19
8314,60,14.01,409.07,120497,20.54,721,17,85.3,OWN,home_improvement,0
9307,36,7.85,677.68,101377,31.01,669,14,44.81,OWN,small_business,8
5458,60,27.94,730.03,88495,16.53,603,13,51.32,MORTGAGE,car,0
3077,60,13.44,70.12,90259,30.89,613,11,25.13,RENT,car,16
22976,36,24.75,983.28,43138,33.15,592,8,118.58,MORTGAGE,small_business,14
7450,36,5.68,105.43,176102,6.28,811,11,52.66,OWN,credit_card,8
24782,36,9.98,305.75,180644,3.36,592,2,31.92,MORTGAGE,home_improvement,19
3217,60,20.03,100.96,26387,28.12,656,18,1.18,OWN,home_improvement,7
7154,60,27.09,178.26,132178,8.67,838,13,115.41,MORTGAGE,home_improvement,12
17848,36,8.44,572.56,138440,33.39,600,7,73.15,RENT,home_improvement,15
30055,36,13.17,669.81,175091,14.17,618,18,68.7,RENT,credit_card,10
5378,60,15.11,1008.17,168878,8.39,847,5,7.81,MORTGAGE,small_business,18
7801,36,18.6,849.99,102071,23.18,759,10,91.39,MORTGAGE,credit_card,7
20118,60,12.85,901.52,188382,24.89,808,6,57.07,MORTGAGE,car,4
6782,60,23.43,437.45,186655,11.26,666,16,0.75,OWN,debt_consolidation,0
12826,36,11.61,1135.91,59974,11.97,661,14,109.06,RENT,car,11
26242,36,16.8,386.71,174432,28.85,647,3,8.78,RENT,home_improvement,15
24993,36,23.48,581.97,45060,8.08,780,15,75.91,OWN,debt_consolidation,16
6552,36,15.34,751.92,44051,12.36,680,10,25.93,OWN,credit_card,5
17280,60,21.69,706.38,51051,9.52,606,10,46.8,RENT,home_improvement,13
29643,36,27.92,1165.57,31817,22.33,779,7,16.38,RENT,debt_consolidation,15
14324,36,18.54,792.71,80403,8.11,706,1,92.76,MORTGAGE,credit_card,8
16160,36,12.18,617.74,96831,9.48,779,4,19.41,RENT,car,4
18420,60,25.68,268.7,107746,18.13,700,9,60.56,RENT,debt_consolidation,6
30124,36,7.32,68.07,25217,18.0,755,3,27.13,OWN,home_improvement,8
13183,60,9.28,98.9,49784,30.45,782,12,32.76,MORTGAGE,home_improvement,16
5531,36,15.65,654.05,139271,0.96,714,8,60.99,RENT,small_business,6
30969,60,21.35,332.33,69915,15.91,684,9,44.51,OWN,credit_card,5
34365,36,21.11,269.02,74551,25.54,618,17,28.35,RENT,credit_card,11
19395,36,12.64,480.86,150294,3.73,689,14,37.0,MORTGAGE,car,0
22924,60,17.91,383.87,34197,32.73,733,4,43.42,RENT,credit_card,10
26000,36,9.51,1081.07,76195,26.91,845,6,10.03,RENT,debt_consolidation,5
18303,36,20.4,421.61,64837,12.57,739,7,109.17,MORTGAGE,debt_consolidation,0
29783,36,11.6,197.63,149406,34.58,846,2,9.94,MORTGAGE,debt_consolidation,18
28376,36,27.28,898.17,157300,22.56,766,16,98.84,MORTGAGE,car,17
10752,60,13.49,1039.5,48672,31.55,789,5,13.74,MORTGAGE,car,9
30320,36,9.18,1048.78,180045,10.5,709,7,107.91,MORTGAGE,small_business,6
34575,60,8.44,620.01,141317,34.12,701,19,33.29,RENT,home_improvement,8
13466,36,24.13,637.16,63352,31.67,640,9,54.9,RENT,debt_consolidation,10
29899,36,7.64,227.8,174637,25.43,704,7,49.51,RENT,home_improvement,10
33369,36,13.88,465.02,92370,28.36,654,13,66.62,OWN,credit_card,10
20233,60,15.31,959.52,151866,22.27,766,6,96.72,RENT,car,18
1680,60,19.51,661.77,27943,31.97,600,14,61.21,RENT,debt_consolidation,14
27531,60,25.32,792.57,155727,8.29,646,14,39.22,MORTGAGE,car,5
34130,60,23.12,491.55,122486,25.14,674,4,4.44,RENT,home_improvement,3
11744,36,23.64,317.79,75277,17.78,800,13,46.15,MORTGAGE,small_business,14
23388,36,24.37,257.65,117969,7.03,639,6,63.56,MORTGAGE,credit_card,7
8235,60,17.35,723.9,111618,24.16,757,7,101.23,OWN,small_business,16
1336,36,21.72,1160.26,107009,29.79,669,7,26.5,RENT,home_improvement,10
34949,36,6.52,621.95,164512,1.88,667,7,43.23,OWN,credit_card,16
7411,36,12.18,190.35,82993,16.75,661,3,95.86,MORTGAGE,credit_card,9
6558,60,10.92,749.56,106257,8.93,669,14,35.67,RENT,small_business,13
1946,60,21.22,418.29,40446,14.51,749,2,42.02,OWN,home_improvement,11
14605,60,26.71,244.66,90880,26.44,690,9,71.41,OWN,car,7
17678,60,7.14,940.28,188801,33.68,667,5,93.6,OWN,small_business,10
2088,60,14.82,129.53,127518,30.44,825,15,95.91,OWN,small_business,5
4343,60,26.48,163.48,186926,23.89,765,7,96.67,OWN,small_business,11
8455,36,23.33,861.22,66051,20.12,594,5,66.41,RENT,home_improvement,3
24478,60,11.13,505.95,91762,8.49,784,8,32.96,RENT,car,2
32551,60,6.59,243.89,117155,27.46,785,7,82.11,RENT,small_business,5
21584,60,13.71,1076.21,80428,21.67,780,18,104.24,OWN,debt_consolidation,0
1009,60,22.36,278.17,90793,12.64,817,13,11.03,OWN,home_improvement,4
33245,36,19.74,257.34,128314,27.42,704,4,2.57,MORTGAGE,small_business,10
6110,60,10.14,153.17,129660,3.27,609,10,51.45,OWN,car,12
27181,36,14.32,770.15,104052,24.84,703,19,49.33,RENT,home_improvement,17
30166,60,21.81,651.85,62536,15.52,739,2,72.3,RENT,home_improvement,14
25173,60,25.12,930.43,20818,5.1,715,2,21.35,RENT,credit_card,1
22675,60,5.69,693.19,123283,30.32,598,2,46.93,RENT,car,6
34120,36,13.27,750.71,47677,22.78,749,5,96.29,OWN,credit_card,14
5603,60,8.37,813.4,98498,31.61,589,5,74.22,MORTGAGE,home_improvement,6
2462,36,18.53,420.45,182584,3.14,595,10,49.91,MORTGAGE,debt_consolidation,13
2875,36,16.22,184.36,43265,19.44,606,4,116.98,MORTGAGE,home_improvement,10
27400,60,19.74,507.15,121925,7.61,828,2,112.57,OWN,home_improvement,1
5857,60,15.16,314.27,92940,29.93,704,5,23.16,OWN,home_improvement,1
2969,36,20.29,775.98,197995,30.94,593,18,2.51,MORTGAGE,credit_card,19
15997,60,9.4,760.28,191362,31.6,685,14,7.47,MORTGAGE,debt_consolidation,15
30566,60,22.14,437.63,28752,2.55,724,13,91.59,RENT,car,11
13205,60,24.09,992.98,60680,18.81,583,4,7.39,OWN,debt_consolidation,3
31954,36,17.39,528.11,52337,2.18,778,9,15.96,RENT,home_improvement,17
25087,36,19.19,717.2,28338,32.93,793,19,57.04,RENT,small_business,3
21862,36,8.47,108.86,59768,3.82,839,16,18.65,MORTGAGE,car,19
18586,60,5.74,343.67,68093,32.98,731,4,33.78,RENT,small_business,0
21103,36,8.04,1111.55,166424,32.54,638,4,71.54,OWN,credit_card,11
9792,60,20.38,289.52,120909,29.34,681,5,115.26,MORTGAGE,car,7
23164,36,20.64,966.62,130760,23.37,631,12,82.66,RENT,debt_consolidation,19
28076,60,6.97,1123.81,156505,15.96,654,12,38.51,RENT,home_improvement,18
29635,36,23.59,719.01,148745,25.38,622,8,34.42,OWN,debt_consolidation,0
21313,60,20.62,1090.33,160679,4.72,677,18,13.31,OWN,car,11
5054,60,14.46,852.0,170539,28.09,658,12,118.09,OWN,car,4
27489,36,27.16,200.1,161045,18.48,793,4,45.75,RENT,home_improvement,6
4255,60,17.61,475.22,196113,28.61,777,9,8.49,MORTGAGE,car,13
8452,60,7.4,51.65,103110,20.28,778,14,14.47,OWN,small_business,4
20694,36,25.65,549.05,125866,9.3,715,17,52.13,RENT,car,2
20201,36,13.12,649.13,67284,7.65,674,5,113.81,MORTGAGE,debt_consolidation,9
34767,60,12.46,87.47,193021,3.96,781,15,100.43,MORTGAGE,home_improvement,11
20363,60,27.82,961.61,138353,32.96,593,11,33.0,RENT,credit_card,17
22223,36,27.94,279.53,124419,30.7,584,7,56.22,RENT,home_improvement,1
8543,36,16.38,331.41,82233,13.83,831,17,73.64,RENT,home_improvement,18
13201,36,12.39,458.61,50172,29.41,788,11,67.23,RENT,car,5
17646,36,15.21,538.02,90288,1.47,586,13,119.49,MORTGAGE,credit_card,14
11103,60,12.5,815.63,76198,2.85,766,3,91.55,RENT,home_improvement,11
10208,60,23.88,358.21,73918,32.58,599,4,83.23,MORTGAGE,home_improvement,12
12927,60,20.65,138.28,23101,8.96,754,5,64.44,OWN,small_business,12
20816,36,25.85,604.09,162914,7.17,737,17,62.13,RENT,debt_consolidation,1
27292,60,21.2,214.23,154940,27.62,649,8,8.76,MORTGAGE,debt_consolidation,4
7570,60,20.86,214.29,170651,20.49,590,6,67.74,RENT,car,17
2170,36,21.01,760.07,171425,16.77,775,15,22.27,MORTGAGE,debt_consolidation,2
14807,60,5.86,751.38,117222,29.35,687,12,25.83,RENT,credit_card,16
16408,60,22.24,539.87,43536,17.22,846,2,114.69,RENT,car,19
8190,36,26.38,94.19,96181,18.6,717,11,118.54,OWN,credit_card,4
20206,60,13.94,616.81,63915,11.7,625,5,46.48,RENT,debt_consolidation,14
26394,60,25.89,678.9,25720,19.07,664,17,101.86,RENT,debt_consolidation,12
1220,36,23.98,161.2,104164,27.47,675,7,12.39,RENT,credit_card,16
5485,60,10.58,205.88,184371,8.4,731,1,33.58,OWN,home_improvement,12
20094,60,26.13,242.17,81338,17.19,606,19,40.52,MORTGAGE,home_improvement,12
21559,60,9.16,56.48,74104,32.32,824,16,107.17,MORTGAGE,debt_consolidation,8
19888,60,25.54,104.84,51716,10.86,685,8,25.44,OWN,debt_consolidation,4
23361,60,8.38,127.13,131201,31.96,595,5,54.58,OWN,small_business,8
28532,36,24.8,755.0,87345,11.38,786,4,89.22,OWN,credit_card,10
10130,60,19.48,207.05,66803,17.0,625,13,104.74,OWN,home_improvement,14
18186,60,20.8,705.11,175341,11.19,693,17,66.94,RENT,credit_card,14
23928,60,20.2,482.57,130249,22.25,689,15,87.96,RENT,car,5
22400,60,21.07,101.0,158463,6.4,796,17,4.22,RENT,credit_card,7
6408,36,23.36,394.32,60849,23.4,791,5,57.05,OWN,car,19
32880,36,13.88,340.95,94217,29.35,743,9,86.09,MORTGAGE,car,11
26476,60,18.49,1042.85,180737,12.43,809,1,78.11,MORTGAGE,credit_card,6
22312,36,24.22,334.89,149925,32.08,656,17,73.16,OWN,credit_card,15
19978,60,7.97,1115.81,186481,11.55,809,6,18.3,RENT,car,6
1282,60,19.53,446.47,65610,19.12,815,6,8.14,MORTGAGE,car,15
15389,60,6.01,528.27,116896,16.45,702,18,85.56,OWN,small_business,5
27649,60,9.72,264.57,144433,15.17,769,13,111.34,RENT,car,12
2727,60,19.74,1128.99,110179,34.7,809,19,66.76,RENT,debt_consolidation,4
19743,60,14.17,213.99,153915,26.9,613,5,24.41,OWN,home_improvement,7
17767,36,11.58,449.01,138178,27.79,598,4,10.19,RENT,debt_consolidation,17
7859,60,20.03,565.68,52267,33.09,668,5,49.44,RENT,debt_consolidation,19
13576,60,10.22,1140.07,197347,6.39,623,1,62.05,MORTGAGE,home_improvement,12
1276,60,17.93,284.14,35475,11.43,596,9,69.0,MORTGAGE,debt_consolidation,0
18033,36,14.38,874.13,176374,19.95,801,11,55.46,RENT,home_improvement,14
3336,60,16.12,978.84,97952,31.63,611,17,32.27,MORTGAGE,credit_card,1
33307,60,27.42,487.01,120787,34.63,743,2,48.44,RENT,debt_consolidation,6
7406,60,9.14,883.3,177011,7.76,788,15,67.35,MORTGAGE,small_business,10
11825,36,12.86,241.38,48185,15.8,650,1,119.7,OWN,debt_consolidation,5
26479,36,24.2,1177.44,166301,17.31,654,15,116.89,MORTGAGE,small_business,2
9016,60,26.08,223.45,117956,31.21,761,4,87.57,OWN,small_business,18
28712,36,19.73,188.79,110404,27.67,652,10,78.74,RENT,home_improvement,3
25214,60,26.04,668.25,78396,25.93,768,1,99.89,OWN,credit_card,17
10108,60,21.36,352.67,140359,33.27,632,15,28.34,RENT,debt_consolidation,0
7449,36,21.66,190.7,32343,10.44,809,6,118.95,MORTGAGE,small_business,15
12867,36,13.08,454.23,121051,19.26,710,9,96.46,MORTGAGE,small_business,18
33101,60,13.38,107.98,176248,29.22,668,1,117.5,RENT,small_business,3
16417,60,20.07,497.39,160909,27.74,746,9,96.02,RENT,debt_consolidation,18
24554,36,16.06,842.67,169122,7.81,653,14,90.86,RENT,credit_card,5
15388,36,8.46,1166.85,163612,3.06,694,10,81.4,RENT,small_business,10
15342,36,9.93,274.88,114187,10.68,735,4,87.86,RENT,small_business,6
5078,36,7.25,465.45,41319,15.43,806,7,90.56,OWN,car,7
11380,36,10.21,632.69,129254,16.29,747,17,5.88,RENT,small_business,2
8059,36,26.95,449.01,137230,2.88,659,16,26.26,MORTGAGE,credit_card,9
23056,36,22.36,476.6,88498,14.07,685,9,32.93,RENT,car,11
19263,60,21.74,739.94,29775,18.19,685,7,56.75,OWN,home_improvement,8
27734,36,15.22,512.61,103335,19.91,839,12,18.97,RENT,home_improvement,13
2462,60,26.1,1050.81,65052,3.26,808,19,52.08,OWN,car,7
29380,60,26.69,585.07,195966,2.67,603,8,113.35,OWN,home_improvement,16
9666,60,22.34,1174.0,102757,23.01,812,19,75.6,OWN,debt_consolidation,1
31080,60,7.88,929.75,29028,1.51,757,17,64.42,OWN,home_improvement,4
7054,60,16.56,324.19,182204,13.76,647,19,13.69,RENT,small_business,15
8906,60,7.0,141.39,40929,17.01,779,14,59.9,MORTGAGE,car,17
8610,60,27.09,1107.96,152970,30.0,671,6,102.65,RENT,car,10
10446,36,24.65,349.45,96400,12.3,809,10,10.82,RENT,small_business,2
24047,36,16.29,1177.61,30190,33.67,602,2,113.56,RENT,car,19
3490,36,16.67,995.75,32202,17.79,801,6,4.56,OWN,home_improvement,12
27630,60,23.44,233.59,55867,12.77,734,4,97.76,RENT,home_improvement,19
12349,36,9.41,933.46,156528,15.87,678,19,13.37,MORTGAGE,small_business,8
28529,36,11.33,696.32,195768,34.98,697,8,9.42,RENT,credit_card,6
29350,36,15.05,369.76,146947,23.6,698,8,58.12,RENT,small_business,0
9942,36,5.62,1128.6,138724,5.21,771,14,118.1,OWN,car,12
24177,60,5.99,419.12,59648,19.74,700,16,77.17,OWN,small_business,18
3356,36,18.36,1188.69,179162,21.51,818,9,93.26,OWN,debt_consolidation,19
14919,60,18.07,799.32,33543,27.52,817,11,36.68,MORTGAGE,home_improvement,12
28413,60,23.53,648.69,96427,0.36,660,2,12.58,OWN,car,15
32010,36,15.84,1143.47,195971,22.87,773,6,52.36,OWN,small_business,19
13185,60,8.91,69.72,106973,10.11,627,10,17.08,RENT,home_improvement,7
1481,60,13.6,551.71,109063,15.27,801,1,21.94,RENT,small_business,14
5912,36,26.24,881.61,197011,32.22,628,5,55.15,MORTGAGE,debt_consolidation,15
34535,36,20.89,844.43,164064,15.99,620,3,106.17,RENT,home_improvement,2
20539,36,20.62,475.05,170822,31.52,633,13,29.26,MORTGAGE,credit_card,8
7783,60,8.05,109.9,176250,8.04,683,18,118.67,OWN,home_improvement,15
25370,36,16.53,386.53,93965,33.85,729,6,100.29,OWN,debt_consolidation,11
28843,60,9.98,1094.0,20290,27.52,820,13,44.38,RENT,debt_consolidation,8
27588,36,7.12,503.02,194533,11.83,726,3,44.61,MORTGAGE,credit_card,7
8710,36,19.98,668.57,177716,15.21,761,19,9.26,MORTGAGE,car,13
9894,36,10.43,1082.02,77773,23.98,606,11,54.63,MORTGAGE,home_improvement,13
3049,36,5.62,1176.25,196869,22.92,780,8,21.12,OWN,credit_card,0
15387,60,6.04,784.79,78565,26.66,607,11,27.31,MORTGAGE,credit_card,9
25071,60,8.54,439.94,66233,25.84,584,10,95.6,OWN,home_improvement,18
25476,36,13.52,446.03,114245,12.76,785,10,60.26,OWN,home_improvement,3
25034,60,23.56,175.57,168278,2.99,626,10,88.85,OWN,small_business,0
27788,60,17.28,1042.6,112887,31.5,604,13,57.39,OWN,car,17
23612,60,8.13,952.58,134892,21.33,732,1,113.27,MORTGAGE,debt_consolidation,7
32822,60,22.91,169.16,79469,32.92,666,9,63.96,RENT,car,16
6750,60,16.32,859.94,195666,3.27,597,18,77.08,MORTGAGE,car,8
7910,60,16.95,452.5,58458,32.21,705,18,35.95,OWN,credit_card,18
6075,60,14.87,831.62,130443,29.7,717,16,84.61,RENT,car,10
25858,36,12.48,418.14,45960,29.62,759,5,74.08,RENT,car,13
16360,36,24.93,1073.86,172472,4.94,794,12,85.98,MORTGAGE,debt_consolidation,0
7430,60,23.29,686.16,124425,26.11,711,16,27.36,RENT,home_improvement,10
15376,60,22.76,977.9,106700,17.86,590,16,13.18,RENT,credit_card,5
21022,60,8.98,405.64,141227,30.16,650,17,49.62,OWN,credit_card,15
17364,36,22.86,738.66,78353,32.94,806,6,99.14,MORTGAGE,home_improvement,3
3537,36,11.18,686.15,49622,25.51,711,13,56.28,MORTGAGE,car,3
19028,36,22.65,746.19,32740,21.21,792,14,40.1,RENT,home_improvement,1
33299,60,20.93,1008.34,53779,34.74,828,1,44.03,MORTGAGE,small_business,17
20880,60,10.92,1126.62,133216,7.04,746,4,96.27,MORTGAGE,car,8
4083,36,5.94,174.81,108598,17.55,811,19,65.34,MORTGAGE,home_improvement,3
24749,60,10.61,242.13,32657,9.22,643,6,52.07,RENT,car,12
4972,36,24.54,839.91,36631,24.99,825,13,58.33,RENT,credit_card,1
16887,36,26.56,835.38,191095,34.58,669,12,87.74,RENT,debt_consolidation,10
21435,36,22.43,912.36,85196,33.81,621,7,17.58,MORTGAGE,home_improvement,8
9597,60,7.62,934.89,60059,9.66,840,11,76.22,OWN,debt_consolidation,4
21714,36,23.15,1115.51,114138,32.43,649,17,22.21,RENT,debt_consolidation,5
32182,36,26.44,68.05,58210,14.67,734,9,105.71,MORTGAGE,debt_consolidation,17
12172,36,22.78,545.39,76889,3.02,841,7,41.6,RENT,credit_card,7
22372,36,21.75,368.92,57315,0.34,700,2,34.21,MORTGAGE,home_improvement,0
5470,36,8.94,1114.19,27012,1.4,622,2,13.33,OWN,home_improvement,19
33402,60,15.9,401.74,198731,6.67,590,10,42.85,RENT,car,4
21932,60,26.02,355.01,179357,15.29,643,1,1.87,RENT,credit_card,15
1525,36,14.38,488.94,127809,24.88,721,18,13.04,OWN,credit_card,18
11028,60,11.54,251.7,105312,2.76,625,6,105.93,RENT,car,2
15719,60,12.45,812.48,99351,30.49,635,17,85.84,MORTGAGE,home_improvement,3
34848,36,13.95,857.13,169049,14.47,586,17,14.64,MORTGAGE,small_business,12
21519,60,17.15,1073.86,117157,16.33,843,14,9.7,MORTGAGE,home_improvement,14
11345,60,22.65,690.56,71055,18.57,749,15,108.07,OWN,car,12
2239,36,6.94,414.57,53808,3.74,849,2,36.81,MORTGAGE,small_business,10
28251,36,12.21,1144.18,108627,13.96,747,12,60.83,MORTGAGE,car,9
22566,60,22.16,701.93,164603,0.58,739,1,25.31,OWN,credit_card,1
32334,36,15.0,307.82,69223,32.22,715,1,7.32,RENT,home_improvement,5
28935,36,18.7,185.97,142140,29.97,732,4,34.34,RENT,small_business,1
22447,36,6.07,1152.62,126053,7.76,650,16,29.17,OWN,car,17
1488,60,22.14,160.18,179644,0.32,721,4,6.82,MORTGAGE,home_improvement,7
12350,36,15.82,543.6,189083,6.51,848,8,9.19,OWN,debt_consolidation,13
31020,36,8.97,1003.73,65602,13.83,690,6,83.2,MORTGAGE,debt_consolidation,2
29921,60,8.37,877.6,173676,10.21,733,4,61.73,RENT,car,13
19792,60,20.95,378.82,44204,24.46,661,9,40.43,OWN,car,7
29022,36,6.71,817.91,103870,4.86,629,5,17.7,OWN,credit_card,11
15289,36,19.05,72.64,81491,10.29,773,15,27.64,OWN,car,18
27386,60,22.67,570.3,57982,27.03,686,12,76.64,MORTGAGE,small_business,6
5437,36,10.34,76.34,54527,23.42,603,12,82.09,MORTGAGE,credit_card,10
6543,36,24.97,423.12,166467,12.49,651,4,16.01,OWN,home_improvement,7
5827,36,19.9,64.74,109547,21.22,595,4,46.21,RENT,credit_card,18
8493,36,17.34,298.05,118782,24.5,748,19,90.55,MORTGAGE,car,12
14673,36,20.5,546.16,186241,28.56,604,6,107.0,OWN,car,14
12046,60,12.55,743.67,175390,20.9,622,15,42.61,RENT,small_business,0
28672,60,15.49,1029.26,28515,21.21,622,6,78.21,OWN,car,7
22542,36,7.67,229.08,142740,27.11,589,15,35.72,MORTGAGE,small_business,1
8788,60,19.92,235.02,68215,29.95,838,7,64.9,RENT,car,0
1384,36,19.08,740.77,148623,16.92,649,18,84.35,RENT,small_business,14
4327,60,23.61,98.14,137743,34.29,770,2,32.3,OWN,credit_card,13
13219,60,12.47,1028.21,46414,19.99,628,9,26.61,MORTGAGE,debt_consolidation,5
25920,60,21.37,805.55,196361,11.33,637,9,26.76,RENT,debt_consolidation,10
2445,60,7.6,237.99,81852,24.41,637,7,48.85,OWN,small_business,15
24501,60,25.7,883.04,61128,22.47,798,8,112.87,RENT,home_improvement,13
30845,36,16.65,359.59,123748,17.14,651,4,28.29,OWN,car,16
11680,60,23.47,407.31,53375,19.63,741,10,72.17,MORTGAGE,home_improvement,17
5895,60,7.94,77.64,189640,15.31,729,14,50.26,MORTGAGE,credit_card,9
27736,36,9.62,187.95,109897,29.54,602,15,60.99,RENT,credit_card,4
6530,36,11.42,1125.71,122126,6.87,595,18,39.99,OWN,debt_consolidation,5
31391,60,6.57,547.57,187708,34.42,668,12,93.18,MORTGAGE,credit_card,15
13816,36,8.72,236.82,175789,5.34,745,14,18.41,OWN,credit_card,13
28405,36,6.85,770.47,51126,13.47,664,6,39.82,RENT,small_business,0
2881,60,6.2,93.05,179020,3.4,688,4,67.44,RENT,credit_card,11
17907,36,15.18,889.4,79269,30.97,721,7,19.58,OWN,home_improvement,18
12164,60,10.51,656.03,128283,10.16,808,5,58.12,MORTGAGE,credit_card,14
26611,60,24.55,312.3,66129,25.89,769,1,48.27,OWN,home_improvement,8
25574,60,19.18,402.07,89177,33.35,730,15,101.51,MORTGAGE,home_improvement,1
8896,60,13.16,545.88,134541,10.55,670,19,6.9,OWN,small_business,11
12190,36,9.22,126.65,115369,0.78,769,11,103.73,MORTGAGE,small_business,3
18862,60,8.93,715.7,54075,31.8,627,18,39.9,OWN,debt_consolidation,8
26826,60,13.99,677.03,161378,19.32,792,9,101.5,RENT,small_business,18
6704,36,9.93,827.85,182806,17.67,849,16,51.08,RENT,small_business,5
15859,60,19.26,109.79,46951,18.28,710,6,99.67,RENT,debt_consolidation,12
30670,36,5.61,1053.3,35438,18.72,809,5,79.65,MORTGAGE,debt_consolidation,12
21581,60,12.87,198.05,120804,3.56,694,13,52.18,OWN,debt_consolidation,8
3795,60,15.43,670.74,35707,14.57,652,1,59.99,MORTGAGE,car,2
32875,60,24.89,914.29,97069,26.82,755,10,98.11,OWN,credit_card,19
31933,36,6.78,616.27,25678,7.05,792,7,98.48,MORTGAGE,debt_consolidation,7
10540,36,24.57,659.88,133268,33.22,804,4,62.07,MORTGAGE,credit_card,14
19951,60,27.88,997.29,83503,7.14,789,11,51.76,RENT,home_improvement,19
9605,36,26.83,820.23,131789,17.88,793,15,25.23,RENT,home_improvement,7
12413,60,15.26,581.04,100653,0.39,802,3,59.71,OWN,debt_consolidation,6
3643,36,25.32,782.23,47048,7.54,608,4,21.55,OWN,debt_consolidation,16
14716,60,9.62,509.95,141097,9.18,706,2,118.12,RENT,credit_card,11
29253,36,19.35,247.49,28373,3.34,609,16,64.31,OWN,credit_card,5
7737,60,24.18,1098.32,176764,7.35,593,4,67.86,MORTGAGE,credit_card,10
28480,36,27.62,1150.24,168010,3.71,804,1,53.52,OWN,small_business,15
22754,60,24.62,751.18,175343,22.24,669,4,92.36,OWN,home_improvement,8
34866,36,5.56,874.89,96939,3.21,631,18,59.76,MORTGAGE,home_improvement,0
6366,60,15.39,696.99,24987,23.98,780,3,81.82,MORTGAGE,small_business,17
18955,60,23.68,1027.35,172849,28.24,796,9,103.94,MORTGAGE,credit_card,6
9427,36,18.7,255.4,165299,1.13,692,17,87.78,OWN,home_improvement,6
12083,60,14.47,1068.09,177344,22.84,826,3,74.89,OWN,debt_consolidation,1
21470,36,18.65,501.72,83394,9.6,776,11,95.63,RENT,small_business,19
4812,60,19.64,194.1,185301,7.47,777,5,45.22,RENT,credit_card,14
9367,60,22.31,399.07,141918,19.98,661,14,38.27,RENT,small_business,10
3454,36,11.9,589.47,73830,25.04,639,2,46.38,MORTGAGE,credit_card,19
21131,60,13.83,181.92,52970,15.74,716,2,73.56,OWN,home_improvement,10
2529,36,8.53,1193.39,69884,14.42,628,3,45.7,OWN,small_business,9
4374,36,8.01,845.31,179427,15.65,587,14,94.31,MORTGAGE,small_business,7
11956,36,13.33,1030.87,173833,0.3,601,11,71.46,MORTGAGE,car,2
22839,36,8.15,805.44,23864,34.91,588,6,28.25,RENT,car,0
18764,60,21.32,1058.18,87505,18.21,747,1,79.05,OWN,car,8
1178,60,7.04,126.3,95520,12.26,646,13,90.89,OWN,credit_card,3
31720,60,11.69,497.3,53124,20.64,612,10,97.26,RENT,small_business,7
24852,36,21.85,1057.44,33292,17.45,692,16,108.08,MORTGAGE,small_business,6
3708,36,14.26,370.81,188774,10.78,600,13,87.54,MORTGAGE,debt_consolidation,4
19542,36,17.62,929.24,188513,19.64,661,7,86.13,OWN,home_improvement,14
26923,36,14.9,619.18,62028,34.17,713,16,33.07,RENT,debt_consolidation,14
27641,36,14.61,875.68,111432,0.72,786,19,12.51,MORTGAGE,debt_consolidation,10
22136,60,10.74,952.86,113779,26.51,697,10,88.68,OWN,home_improvement,16
4224,60,9.47,1044.52,152987,22.44,836,17,117.45,MORTGAGE,small_business,17
21150,36,24.62,511.55,155091,14.4,842,13,75.96,RENT,car,15
26227,36,18.16,912.2,161677,24.4,664,8,70.62,MORTGAGE,debt_consolidation,18
9334,36,9.93,787.2,94581,34.22,687,18,109.43,OWN,home_improvement,13
17806,36,18.78,929.95,94041,19.71,623,4,37.41,RENT,debt_consolidation,12
22625,36,20.77,414.31,95596,12.16,817,15,74.72,RENT,home_improvement,15
9705,36,25.97,382.14,41865,21.28,813,19,23.25,OWN,car,2
6276,60,10.45,245.62,129877,23.79,799,4,115.09,RENT,debt_consolidation,2
30007,60,8.24,656.54,129718,25.44,785,10,32.24,RENT,home_improvement,13
20426,60,21.21,1013.85,102415,3.13,797,13,16.04,RENT,car,4
4556,60,15.53,795.63,164137,15.18,776,18,40.78,OWN,home_improvement,7
15175,36,12.17,432.49,120547,10.39,737,15,4.39,MORTGAGE,home_improvement,18
31586,60,8.0,578.22,160216,23.92,673,17,61.85,MORTGAGE,car,9
28340,60,11.62,1016.03,153472,34.97,689,2,36.63,MORTGAGE,home_improvement,19
19931,60,11.16,482.5,88743,27.42,746,8,63.79,RENT,credit_card,9
17035,36,16.67,280.86,158369,10.16,703,10,102.75,RENT,small_business,13
34722,60,27.48,1066.7,159199,2.51,590,3,44.13,RENT,small_business,12
18438,36,26.63,366.1,139755,5.86,602,9,83.72,MORTGAGE,credit_card,6
4744,60,11.17,1075.28,26068,14.28,788,10,9.09,MORTGAGE,car,15
1569,36,11.72,817.72,185583,4.94,692,1,104.78,RENT,home_improvement,13
1922,60,22.99,915.71,149120,31.18,711,18,89.88,RENT,car,7
19297,60,17.61,1035.66,148789,1.31,601,12,46.98,OWN,small_business,1
28542,36,16.6,1183.33,163941,11.72,698,18,33.0,OWN,home_improvement,13
15721,60,19.36,380.58,125410,19.17,612,11,110.74,OWN,credit_card,19
6415,60,20.95,674.69,173669,29.57,838,17,56.45,OWN,debt_consolidation,2
15955,60,22.7,515.65,90938,8.82,652,3,50.64,MORTGAGE,credit_card,10
15318,36,18.99,442.53,169836,22.04,713,1,39.96,MORTGAGE,small_business,15
2585,60,17.37,1183.61,110638,11.28,668,18,40.79,OWN,small_business,3
9017,60,15.33,962.15,185189,12.83,750,11,50.21,MORTGAGE,credit_card,19
11449,60,11.22,64.43,82678,6.2,842,12,81.35,RENT,small_business,7
4167,36,19.36,217.5,63525,16.14,779,2,76.82,OWN,car,4
4583,36,27.68,697.37,181754,10.84,773,6,57.93,OWN,home_improvement,13
14543,60,23.79,504.2,48359,19.79,822,18,109.67,OWN,home_improvement,13
10435,60,20.54,133.83,154089,21.63,762,6,50.82,MORTGAGE,car,11
2177,60,16.96,1128.78,79379,18.07,729,17,6.63,OWN,debt_consolidation,13
33983,60,8.77,788.51,59899,24.04,741,2,94.5,OWN,debt_consolidation,10
32337,60,17.47,393.65,42623,14.65,752,16,88.87,OWN,car,16
11589,60,24.64,63.22,25492,20.11,630,14,39.44,OWN,small_business,13
4420,36,21.1,854.66,179634,0.48,757,14,78.4,RENT,small_business,16
21219,36,20.09,623.07,72930,26.98,635,16,57.8,MORTGAGE,small_business,5
24862,60,13.7,1108.51,178183,7.28,810,4,65.54,OWN,debt_consolidation,2
1077,60,12.33,758.29,198350,33.96,686,13,33.65,MORTGAGE,small_business,9
27723,60,8.02,730.08,172735,4.46,715,19,97.65,RENT,debt_consolidation,8
5088,60,12.03,369.91,101761,14.55,833,19,46.66,RENT,car,2
4586,60,19.71,1078.53,51535,21.3,816,16,59.61,RENT,car,1
14975,36,16.02,1174.67,47428,17.37,782,19,94.19,RENT,home_improvement,11
9110,36,23.13,1005.46,54162,13.01,805,15,30.03,RENT,home_improvement,5
17406,60,17.54,65.62,142226,17.61,767,19,9.65,RENT,debt_consolidation,5
21669,36,10.88,171.93,142315,29.74,606,19,16.9,OWN,small_business,15
27614,60,23.61,1109.33,78676,16.7,601,3,111.95,RENT,small_business,6
11326,36,24.02,1095.25,148259,32.28,682,5,81.35,RENT,debt_consolidation,0
10715,60,7.91,850.91,99944,18.98,706,3,57.78,MORTGAGE,credit_card,11
18630,36,13.4,883.72,126694,16.57,764,13,49.84,RENT,debt_consolidation,3
32921,60,25.0,548.36,68604,18.5,839,14,0.9,OWN,debt_consolidation,10
18506,60,18.31,120.29,147558,11.55,839,4,56.09,RENT,credit_card,1
22729,60,16.5,510.44,54253,9.72,622,10,54.88,RENT,credit_card,16
3230,36,23.13,220.99,164666,26.82,584,5,72.54,RENT,debt_consolidation,19
34002,60,19.96,930.85,97678,2.01,658,9,18.0,OWN,small_business,15
8079,60,16.76,654.16,96493,12.62,733,7,50.78,OWN,car,14
22563,36,7.93,821.58,45274,18.27,753,11,78.43,MORTGAGE,debt_consolidation,1
33972,36,7.07,765.64,72214,18.62,718,14,102.36,MORTGAGE,home_improvement,6
26683,36,23.6,462.77,29322,12.28,694,15,41.43,OWN,car,5
7982,60,20.01,529.09,59440,7.4,635,14,73.37,OWN,small_business,8
34453,36,23.41,475.46,150877,31.6,661,1,106.38,OWN,small_business,3
12637,60,24.32,195.66,136435,25.41,670,14,108.71,MORTGAGE,credit_card,13
17626,60,6.72,245.85,84745,9.01,678,14,88.85,OWN,credit_card,8
15629,60,27.13,1144.58,103087,27.85,815,16,44.01,RENT,debt_consolidation,17
4112,60,26.14,643.99,32891,0.1,597,11,100.45,MORTGAGE,home_improvement,14
20503,60,11.98,927.84,64391,19.65,615,8,79.28,MORTGAGE,credit_card,3
29038,60,5.98,708.08,31975,22.56,593,19,59.41,MORTGAGE,credit_card,14
1864,36,13.65,345.8,133388,24.08,696,7,96.03,MORTGAGE,credit_card,14
28990,60,20.47,663.42,179515,26.57,772,2,92.49,RENT,small_business,5
17589,36,7.25,1058.26,151904,1.37,671,10,71.04,RENT,credit_card,1
6039,36,8.35,1089.96,158663,0.7,598,14,13.51,OWN,car,3
23190,36,18.71,946.67,58052,22.94,582,16,96.11,OWN,home_improvement,1
7833,60,19.87,650.33,123507,3.23,766,3,77.71,OWN,car,15
3994,36,11.18,495.56,123303,22.35,668,12,108.57,RENT,debt_consolidation,2
23911,60,19.53,529.17,160605,16.31,655,8,33.68,OWN,car,17
28192,36,18.54,556.41,34947,11.02,798,6,73.42,MORTGAGE,home_improvement,10
2105,36,18.76,686.46,151787,29.82,814,17,31.33,RENT,home_improvement,15
33201,60,27.79,731.69,125461,10.52,694,14,27.76,OWN,home_improvement,14
14986,36,12.72,1093.02,114764,11.08,626,12,83.06,RENT,credit_card,5
11704,36,7.45,834.65,131902,17.1,704,1,36.86,OWN,home_improvement,8
27681,60,24.01,1088.69,60727,19.34,681,8,7.55,RENT,credit_card,14
5683,36,6.58,1070.28,91317,15.63,755,15,87.79,MORTGAGE,debt_consolidation,3
6898,36,10.63,1179.22,92649,26.99,783,8,111.69,OWN,car,19
22508,60,18.43,948.28,63239,28.93,826,6,0.11,OWN,small_business,18
31314,36,16.6,975.86,149157,22.19,615,9,41.89,RENT,small_business,6
19546,36,27.94,955.86,140250,8.17,839,3,47.16,MORTGAGE,small_business,19
34045,60,25.51,486.71,122125,18.29,676,10,3.17,MORTGAGE,car,11
30009,60,7.89,1184.53,72460,0.42,768,6,76.12,OWN,car,9
23831,36,7.48,631.65,27988,33.35,815,17,85.06,OWN,small_business,5
13855,36,9.78,618.99,23926,5.22,699,10,76.86,OWN,credit_card,15
32371,60,9.54,1054.07,41871,24.96,736,11,4.45,OWN,small_business,13
19350,36,15.56,474.76,108059,2.13,737,13,84.69,RENT,home_improvement,7
27116,60,24.38,444.92,157843,19.17,584,7,81.03,MORTGAGE,small_business,17
7190,60,5.81,419.83,169295,0.15,796,15,29.92,MORTGAGE,small_business,19
9258,60,26.7,363.98,82323,24.52,719,4,63.15,OWN,small_business,16
29795,60,9.54,1092.69,49152,20.1,604,15,59.26,MORTGAGE,debt_consolidation,3
3187,60,10.24,974.55,60273,15.94,633,13,96.36,RENT,credit_card,5
19133,60,6.56,736.41,190954,13.29,725,16,113.57,RENT,credit_card,15
33007,60,13.68,857.2,158708,29.83,775,5,65.09,RENT,credit_card,8
7644,36,6.48,777.17,26775,15.43,791,16,31.64,OWN,debt_consolidation,11
32870,36,25.63,1012.66,69229,21.67,798,13,8.37,MORTGAGE,debt_consolidation,5
8531,36,26.53,705.88,32850,10.57,622,15,53.25,MORTGAGE,home_improvement,16
9646,36,7.89,291.22,183266,31.36,629,18,87.66,RENT,credit_card,14
23547,36,5.88,1095.55,167511,1.63,585,11,23.49,RENT,car,11
15231,60,5.91,110.33,179266,1.63,586,1,17.8,MORTGAGE,debt_consolidation,17
19099,60,9.1,486.53,30273,12.58,610,6,18.28,RENT,small_business,1
6832,60,21.33,744.62,151003,31.29,683,5,44.2,RENT,home_improvement,8
10557,36,15.51,259.99,95604,32.87,829,3,93.62,OWN,credit_card,3
4696,36,19.7,1165.22,43855,27.69,727,6,53.39,MORTGAGE,home_improvement,5
2184,60,15.27,920.59,126493,14.19,598,10,116.65,MORTGAGE,small_business,17
29939,60,14.99,662.75,38113,15.35,660,2,111.59,RENT,car,17
25077,60,17.06,829.69,139012,28.58,808,17,98.56,RENT,small_business,9
20680,60,23.34,406.12,86500,25.45,686,8,38.93,RENT,credit_card,19
20994,36,20.38,1133.79,156365,17.11,825,3,52.05,MORTGAGE,small_business,12
17353,60,6.02,279.38,118111,31.51,634,7,50.44,OWN,credit_card,17
18640,60,26.23,72.35,87967,18.21,778,13,59.35,RENT,car,7
16042,60,26.23,134.9,168532,18.41,762,1,17.71,OWN,credit_card,10
1112,36,9.48,661.89,150731,15.36,684,13,81.97,MORTGAGE,car,16
14233,36,6.28,310.64,155880,14.48,692,3,2.39,RENT,small_business,4
9947,36,25.59,831.82,172270,32.03,637,4,2.08,OWN,small_business,3
7629,60,26.3,439.26,25589,23.59,807,11,100.34,RENT,car,15
11860,60,25.0,1059.52,122757,30.55,684,7,57.7,RENT,credit_card,17
10726,60,7.08,344.35,174047,10.25,670,3,107.22,OWN,debt_consolidation,15
31977,36,19.06,224.79,132780,5.72,636,4,63.46,RENT,home_improvement,7
25950,36,13.08,853.36,109376,19.84,669,7,58.47,RENT,small_business,18
12938,60,6.64,1000.38,35430,12.6,697,5,115.12,RENT,home_improvement,2
31448,36,16.05,317.53,41747,13.11,647,2,24.77,OWN,small_business,6
17724,60,14.87,873.95,198542,20.32,735,4,114.89,OWN,credit_card,16
18482,36,6.0,1116.43,65221,22.41,610,10,55.35,OWN,debt_consolidation,8
33994,60,25.07,143.25,94667,25.08,733,11,100.4,OWN,small_business,14
24171,36,19.61,496.08,87762,20.3,590,14,113.96,MORTGAGE,debt_consolidation,0
5621,60,11.69,523.21,95940,5.58,641,2,0.05,RENT,credit_card,15
4956,36,13.21,660.22,111580,29.26,775,12,84.98,OWN,credit_card,17
27258,36,17.71,718.42,101344,30.51,782,8,0.34,MORTGAGE,credit_card,17
21358,36,27.42,1173.59,151279,9.67,753,6,74.94,OWN,car,17
34625,60,16.65,937.16,92246,26.54,767,6,29.45,RENT,small_business,0
19888,36,21.81,821.32,53043,4.28,733,6,61.41,OWN,debt_consolidation,7
11749,60,26.37,831.86,57525,16.55,672,17,66.08,RENT,home_improvement,2
28964,36,7.15,798.39,37428,15.3,683,14,23.83,MORTGAGE,home_improvement,4
19287,36,22.99,707.74,30112,1.95,752,9,76.2,MORTGAGE,credit_card,9
20830,36,13.06,293.99,128945,31.94,606,16,97.27,MORTGAGE,home_improvement,5
34623,60,25.8,76.56,25521,22.39,720,12,84.58,OWN,car,13
25423,36,22.53,114.71,83815,31.14,754,8,64.57,RENT,credit_card,3
33894,36,25.53,768.33,56822,21.09,828,18,99.31,MORTGAGE,home_improvement,14
7979,60,11.48,398.12,173816,11.52,619,13,25.94,MORTGAGE,home_improvement,19
2273,60,18.85,719.14,55587,30.96,710,6,35.23,OWN,debt_consolidation,11
5940,36,15.43,889.05,175916,11.85,772,2,61.57,OWN,debt_consolidation,4
6037,60,10.43,510.36,20761,31.57,598,1,116.13,RENT,car,16
1174,36,14.12,1185.04,129575,32.15,784,17,76.94,MORTGAGE,debt_consolidation,11
7548,60,25.37,493.81,143245,29.33,687,12,94.47,MORTGAGE,car,9
34065,36,13.13,504.19,113389,25.33,793,9,87.18,OWN,small_business,7
34496,60,20.92,1033.6,197284,3.33,781,1,43.97,OWN,home_improvement,3
10474,36,15.01,703.13,25312,28.89,666,1,79.35,RENT,home_improvement,5
4969,36,14.33,487.87,139804,21.06,814,4,48.36,MORTGAGE,home_improvement,5
28208,60,10.3,1148.07,152545,14.41,608,17,71.31,MORTGAGE,car,11
32552,36,19.17,438.82,67457,24.89,738,15,109.63,RENT,small_business,13
28728,36,7.3,1154.85,104448,10.82,762,12,45.22,OWN,debt_consolidation,19
19230,60,10.99,1158.85,108373,16.91,818,1,112.71,MORTGAGE,home_improvement,11
17755,36,24.36,1071.97,27913,7.96,798,4,43.32,MORTGAGE,home_improvement,15
19852,36,20.8,421.02,111354,16.13,731,2,22.88,OWN,car,11
12745,36,26.52,622.15,173484,17.52,824,2,12.56,MORTGAGE,credit_card,12
29901,60,26.85,885.54,36010,19.44,587,9,99.96,MORTGAGE,debt_consolidation,12
25229,36,24.54,104.49,44394,30.31,671,6,8.54,OWN,credit_card,11
7838,36,14.75,1126.92,36722,24.24,594,9,84.94,MORTGAGE,debt_consolidation,0
32954,60,9.99,581.3,62018,12.38,765,10,87.15,RENT,credit_card,4
7256,36,8.97,720.13,101855,22.8,749,7,48.13,RENT,home_improvement,17
34226,36,17.6,82.88,99211,18.4,753,18,68.15,OWN,debt_consolidation,2
33130,60,26.3,1183.67,176651,14.39,834,19,51.69,OWN,small_business,11
16997,36,18.91,695.07,199817,3.59,802,9,64.17,MORTGAGE,debt_consolidation,10
32279,36,15.75,833.62,71998,21.89,664,10,99.64,OWN,debt_consolidation,10
3421,60,20.11,1027.72,80526,24.47,624,7,49.46,MORTGAGE,home_improvement,8
3106,36,5.94,545.72,197476,8.61,696,12,25.04,RENT,car,16
16037,60,10.62,786.73,38408,25.93,734,6,112.73,OWN,credit_card,1
26372,60,7.27,405.26,157958,7.03,719,11,94.99,MORTGAGE,home_improvement,10
34769,60,11.39,388.55,185618,8.89,709,16,54.51,MORTGAGE,credit_card,4
31022,60,15.67,179.12,39301,8.9,720,10,44.98,RENT,home_improvement,15
6818,60,18.51,1086.8,84262,7.85,679,8,48.28,RENT,small_business,10
18889,36,23.12,94.84,112185,20.25,843,9,97.64,MORTGAGE,car,14
7971,36,8.68,1001.88,175878,19.85,603,11,46.99,RENT,car,16
12064,36,12.63,317.61,151172,6.05,669,9,82.23,OWN,small_business,12
4121,60,18.44,607.28,45618,17.64,794,3,73.25,RENT,home_improvement,3
1206,60,13.37,1137.17,118538,4.94,595,8,20.26,MORTGAGE,home_improvement,9
2014,36,9.34,612.28,56123,15.61,807,6,119.25,RENT,car,15
3159,60,7.82,234.48,192211,19.12,849,15,96.78,RENT,credit_card,17
5188,36,15.01,1054.63,95043,18.56,778,16,62.38,MORTGAGE,debt_consolidation,3
3204,36,17.48,163.47,22634,28.75,806,15,84.26,OWN,credit_card,4
22677,60,7.75,175.02,44529,6.69,597,4,80.62,OWN,car,8
23463,36,13.45,89.49,135137,34.25,639,5,85.76,OWN,debt_consolidation,12
3849,36,12.53,492.77,25391,0.39,613,15,76.18,RENT,car,14
27299,60,8.17,920.1,62042,13.89,738,15,47.69,OWN,credit_card,6
2619,60,19.21,458.32,72919,5.92,748,6,11.54,MORTGAGE,small_business,6
2015,36,26.48,216.83,193861,19.0,642,7,19.46,OWN,debt_consolidation,15
25816,60,24.52,729.09,154782,11.79,598,8,49.95,RENT,home_improvement,16
28961,36,19.03,116.97,26732,6.41,707,13,41.27,OWN,home_improvement,1
25972,60,16.85,516.95,119124,17.26,832,8,17.88,RENT,debt_consolidation,19
20259,36,20.3,81.48,81156,6.4,842,10,10.73,OWN,credit_card,13
5386,36,25.04,555.04,159771,2.03,776,12,110.66,MORTGAGE,credit_card,12
9199,60,11.13,649.53,189252,30.93,761,6,86.43,MORTGAGE,credit_card,5
20342,36,22.78,215.79,68196,4.01,716,14,43.19,RENT,debt_consolidation,5
34827,60,5.8,309.7,144403,1.19,807,7,44.09,MORTGAGE,home_improvement,16
13819,60,23.0,993.25,164922,27.68,720,7,117.04,MORTGAGE,home_improvement,7
10280,60,16.72,495.6,189332,19.56,627,14,50.49,RENT,car,5
22627,60,20.5,363.99,116878,26.25,805,5,94.55,OWN,car,8
31908,36,23.87,810.28,88861,22.57,584,4,83.92,RENT,credit_card,7
23042,36,20.47,793.97,184557,29.06,732,8,11.32,OWN,small_business,5
18715,60,6.3,769.16,99428,22.7,819,11,28.55,OWN,debt_consolidation,4
12536,36,11.92,498.99,94651,11.93,812,19,17.74,MORTGAGE,home_improvement,16
23436,36,20.74,493.76,194068,14.25,582,13,38.08,RENT,debt_consolidation,15
10941,60,11.28,444.37,146775,33.79,746,12,61.55,MORTGAGE,debt_consolidation,1
23963,36,12.03,436.06,134369,7.51,657,3,20.09,OWN,car,2
31600,60,22.76,204.88,142664,4.86,588,8,100.79,MORTGAGE,car,10
2140,36,5.77,1121.22,184139,8.83,728,6,69.81,OWN,home_improvement,16
4084,60,18.69,125.63,38231,1.75,703,15,94.63,RENT,debt_consolidation,1
18046,60,16.29,801.4,106392,4.28,729,6,73.59,OWN,debt_consolidation,17
32116,36,18.78,374.46,112424,10.54,818,7,45.7,OWN,debt_consolidation,10
27616,36,6.23,284.68,109767,27.64,767,5,112.19,MORTGAGE,car,11
27200,60,24.54,660.82,115402,27.69,623,2,114.23,OWN,debt_consolidation,8
15308,60,8.98,981.88,24616,6.49,650,18,13.21,OWN,home_improvement,6
34896,60,6.38,654.84,134187,21.32,836,19,119.9,OWN,home_improvement,15
7530,36,27.64,778.28,25060,22.06,798,8,88.75,MORTGAGE,small_business,13
27172,36,12.11,976.88,198445,19.79,644,9,104.92,MORTGAGE,debt_consolidation,1
26359,60,25.52,355.99,181591,14.03,769,12,33.96,MORTGAGE,credit_card,19
20540,60,9.19,511.97,110585,8.88,684,17,103.46,RENT,small_business,11
18197,60,7.66,375.83,168977,22.92,693,19,114.42,RENT,home_improvement,12
9264,60,23.16,632.47,78413,21.34,739,6,63.3,RENT,small_business,7
8291,60,6.44,254.3,134919,17.93,645,11,105.38,MORTGAGE,car,17
26289,36,22.58,218.63,143054,30.1,747,16,39.38,RENT,debt_consolidation,5
15334,36,17.85,842.04,154590,6.13,633,14,38.35,OWN,small_business,7
19752,60,20.19,907.81,89468,31.0,790,15,79.13,RENT,car,13
15663,36,12.63,371.61,120671,25.38,679,5,101.29,OWN,small_business,11
6432,60,16.72,1152.4,97365,33.66,708,15,27.78,RENT,small_business,17
10885,60,9.05,243.31,138792,22.42,767,5,26.87,RENT,home_improvement,14
5891,36,7.12,687.07,95066,30.23,597,14,0.97,MORTGAGE,debt_consolidation,9
27984,36,16.32,1039.6,20016,8.5,839,9,3.16,OWN,debt_consolidation,3
10104,36,16.08,215.14,185672,1.44,694,4,19.6,OWN,small_business,3
24509,60,17.05,264.9,199508,26.6,656,17,31.58,MORTGAGE,debt_consolidation,8
20216,36,13.42,234.98,97952,11.04,657,5,78.71,RENT,credit_card,10
13356,60,6.78,805.22,103489,33.31,653,8,52.6,OWN,debt_consolidation,16
9162,36,8.58,945.18,110374,31.94,607,4,26.8,OWN,credit_card,19
3472,60,9.66,556.15,29151,26.62,677,16,45.0,MORTGAGE,credit_card,13
29602,36,27.28,418.52,57964,27.14,703,8,36.3,MORTGAGE,credit_card,7
34870,36,10.25,983.92,47005,7.83,753,2,45.37,MORTGAGE,debt_consolidation,6
27917,36,8.3,432.19,146681,28.38,592,5,5.08,MORTGAGE,credit_card,1
25142,36,16.08,783.68,123397,32.04,633,10,55.98,OWN,credit_card,0
6693,60,12.08,558.96,67401,4.07,647,11,80.19,RENT,home_improvement,3
5298,60,20.3,749.58,100195,28.91,745,9,70.27,RENT,car,7
30703,36,21.85,614.57,110162,17.63,630,9,70.53,MORTGAGE,credit_card,10
16078,36,20.01,669.08,141752,34.15,673,8,25.38,RENT,small_business,3
25170,60,8.36,1129.62,77465,15.03,828,17,86.9,OWN,credit_card,15
3775,60,11.36,249.05,186169,14.33,808,1,93.71,RENT,credit_card,13
2447,36,12.63,125.83,129478,1.18,776,4,101.99,MORTGAGE,small_business,9
2914,60,25.15,75.49,168610,12.47,720,5,15.85,RENT,car,0
22919,60,21.02,349.69,119259,26.71,787,11,24.2,RENT,home_improvement,15
10637,36,24.63,1088.63,50711,20.28,605,8,73.35,RENT,car,3
10275,60,8.82,1093.79,154417,34.45,609,11,118.86,MORTGAGE,small_business,6
21587,60,7.83,1011.41,125182,25.72,825,13,91.78,RENT,car,9
10083,60,21.3,411.11,128712,29.98,642,5,26.43,RENT,car,15
34487,36,7.43,1051.94,186308,21.25,583,9,38.12,RENT,home_improvement,4
24576,60,17.26,223.26,51688,8.12,718,8,35.51,RENT,small_business,16
6060,36,11.48,489.81,86019,17.53,840,10,8.44,OWN,car,2
20169,36,10.14,406.25,115368,23.18,735,11,117.38,OWN,home_improvement,3
26215,60,6.39,79.73,86107,14.12,802,11,6.39,MORTGAGE,car,11
6208,36,7.08,134.77,46111,14.44,675,16,63.79,MORTGAGE,small_business,4
26425,60,21.74,1088.35,57708,3.88,822,2,117.74,MORTGAGE,small_business,1
24253,36,13.43,82.32,180770,6.55,587,10,11.01,MORTGAGE,credit_card,3
3520,36,26.53,1003.39,137805,5.02,604,9,112.97,OWN,small_business,2
22969,36,14.55,210.66,148185,0.09,613,7,79.43,RENT,small_business,3
34069,36,9.33,636.76,60831,4.59,809,6,104.85,MORTGAGE,home_improvement,14
2990,36,22.67,997.83,129768,10.23,749,10,65.56,RENT,home_improvement,6
25259,36,9.42,576.98,153572,28.25,622,18,54.32,OWN,debt_consolidation,18
5239,36,6.62,775.96,178351,21.6,799,12,93.8,RENT,small_business,16
14799,60,7.76,1017.41,86254,31.53,724,6,13.04,MORTGAGE,debt_consolidation,4
34724,60,7.9,1040.93,140179,11.97,610,13,42.6,RENT,debt_consolidation,11
21536,36,23.54,604.02,143836,8.12,817,7,8.23,OWN,home_improvement,15
4775,36,24.56,376.63,61971,26.55,805,9,83.58,MORTGAGE,debt_consolidation,15
25596,36,11.84,1073.22,151496,8.24,688,5,25.35,MORTGAGE,debt_consolidation,0
26081,36,26.41,962.32,176562,24.3,813,18,33.35,OWN,credit_card,19
31111,36,22.28,772.93,84120,20.57,669,15,48.11,MORTGAGE,car,2
7441,36,18.63,58.51,66546,22.68,677,15,72.55,RENT,car,13
22281,60,11.44,333.12,186624,22.99,784,17,115.49,RENT,car,7
31206,36,24.94,51.51,107081,19.28,743,12,45.1,RENT,small_business,6
7960,60,6.28,380.99,45720,15.6,776,9,74.2,RENT,car,11
14216,36,20.08,235.83,36820,32.68,680,17,106.56,OWN,debt_consolidation,17
34979,36,18.62,612.76,75581,33.67,801,18,33.39,OWN,debt_consolidation,6
23534,36,21.54,284.46,61682,10.64,790,15,59.1,RENT,debt_consolidation,9
22607,36,16.36,309.59,69824,5.07,826,18,118.46,RENT,car,9
14323,36,17.19,885.84,175397,29.33,639,10,63.69,RENT,credit_card,12
1009,36,19.09,1166.66,63408,28.51,808,4,52.0,RENT,debt_consolidation,8
3469,36,6.18,694.27,183425,5.64,792,17,37.94,RENT,credit_card,5
30009,36,24.53,1131.67,170381,15.16,845,18,5.54,MORTGAGE,debt_consolidation,15
34539,36,16.02,60.15,44104,33.87,584,10,67.7,OWN,car,8
2531,36,14.85,433.41,51818,16.26,682,12,23.49,OWN,debt_consolidation,9
34487,60,7.93,705.39,116538,12.7,716,16,85.49,MORTGAGE,debt_consolidation,12
27557,60,18.72,1179.16,23514,0.67,725,8,106.71,RENT,small_business,0
22357,60,27.63,148.72,170279,27.39,681,11,67.95,OWN,credit_card,1
3776,60,13.04,551.64,183687,16.72,657,8,85.95,RENT,home_improvement,17
2958,36,17.77,374.37,44225,31.24,768,1,46.9,RENT,car,18
26150,60,8.53,981.27,90908,33.94,600,6,21.04,OWN,credit_card,2
28374,36,12.84,1142.39,97895,33.2,663,13,40.43,MORTGAGE,home_improvement,6
26398,36,9.12,629.39,121245,5.74,602,19,35.87,RENT,home_improvement,17
15140,60,11.69,684.33,155811,12.34,628,13,72.01,OWN,car,16
26682,60,24.29,1196.75,79115,33.28,816,19,119.59,OWN,credit_card,14
24333,60,14.68,439.32,68555,28.61,843,10,76.71,OWN,car,0
25703,36,20.35,500.59,191851,22.06,744,5,45.25,RENT,debt_consolidation,2
7924,60,13.63,217.74,165522,17.31,615,14,13.09,OWN,car,12
6618,60,17.03,874.9,169115,30.61,817,17,36.86,OWN,debt_consolidation,17
6295,36,13.52,578.19,39887,15.02,818,9,14.25,OWN,car,2
12555,36,13.19,56.76,79327,32.43,685,9,46.83,RENT,car,19
9036,60,25.88,1164.31,41487,14.55,773,6,92.75,MORTGAGE,debt_consolidation,8
7731,60,8.35,186.16,52640,17.54,700,16,52.68,MORTGAGE,car,10
27105,36,9.88,139.5,90270,2.57,803,16,21.73,OWN,credit_card,17
4093,60,19.2,631.52,112326,10.43,589,4,41.99,OWN,small_business,12
21609,36,26.97,722.2,101795,27.29,693,3,80.03,MORTGAGE,home_improvement,19
9535,36,23.56,346.67,171776,3.31,597,2,2.6,MORTGAGE,car,14
4924,36,27.02,981.68,37660,8.16,838,13,119.57,MORTGAGE,car,4
24563,60,15.75,1012.64,115789,8.42,702,9,68.83,RENT,debt_consolidation,2
12053,60,25.59,391.45,194418,26.9,675,9,115.97,MORTGAGE,credit_card,19
24064,36,23.64,416.2,172442,27.92,788,8,115.66,MORTGAGE,debt_consolidation,14
27049,60,13.29,238.27,65284,25.44,703,12,28.75,RENT,debt_consolidation,2
26963,60,10.55,801.57,70486,27.15,728,9,55.86,OWN,credit_card,7
17122,60,25.05,1175.56,75296,21.11,712,8,61.94,RENT,car,6
17986,36,12.72,477.07,72872,13.22,747,13,9.0,OWN,home_improvement,13
8227,36,27.83,205.78,48842,24.97,727,11,38.07,MORTGAGE,home_improvement,1
19489,60,7.09,941.85,191802,4.98,656,7,35.02,OWN,car,19
11762,60,18.12,796.11,169587,23.61,749,7,65.04,RENT,credit_card,1
33220,60,15.59,120.77,53622,8.9,678,10,8.76,MORTGAGE,small_business,11
19990,60,20.03,868.56,93247,30.65,765,1,22.25,RENT,debt_consolidation,12
20053,60,17.21,892.57,170407,13.33,700,1,39.79,OWN,small_business,18
24419,36,8.27,797.85,168455,2.75,848,12,48.38,RENT,car,7
3852,60,15.72,986.44,44448,11.39,738,11,28.85,RENT,small_business,8
26307,60,7.61,580.72,173686,23.63,810,2,84.54,MORTGAGE,home_improvement,18
10823,60,24.41,493.46,50237,17.46,587,19,97.73,MORTGAGE,debt_consolidation,12
32585,36,13.56,825.13,197817,14.3,672,7,26.6,RENT,small_business,11
3200,60,7.61,693.72,146489,31.91,608,8,54.2,OWN,home_improvement,17
4866,60,17.27,370.08,178213,33.89,733,15,29.05,RENT,credit_card,6
23444,36,6.2,1022.49,159137,18.99,744,11,55.59,MORTGAGE,credit_card,13
7587,36,17.76,296.79,96167,12.63,778,10,52.75,RENT,home_improvement,10
33232,36,11.97,88.89,184727,12.24,798,12,31.97,OWN,small_business,16
21058,60,16.14,276.07,54758,10.47,695,9,86.18,OWN,credit_card,8
31105,36,10.99,663.8,126086,34.17,599,1,53.64,RENT,credit_card,17
32601,36,16.82,741.34,169466,31.06,778,12,34.73,RENT,debt_consolidation,8
29082,36,24.72,711.28,48833,12.12,702,14,69.98,OWN,car,15
28543,60,13.88,865.53,148595,29.88,609,18,94.48,OWN,small_business,12
28386,36,17.05,1064.61,57874,18.02,709,4,22.36,MORTGAGE,small_business,16
14900,36,9.85,1007.39,104943,34.66,815,6,18.44,MORTGAGE,car,8
24321,60,12.9,246.98,55284,5.98,591,18,57.63,MORTGAGE,credit_card,17
27916,60,27.41,303.11,163239,9.85,581,5,71.54,OWN,debt_consolidation,14
25557,60,27.15,564.12,119772,23.2,829,19,45.85,MORTGAGE,debt_consolidation,7
3881,36,27.69,1151.41,152157,28.45,827,6,98.33,MORTGAGE,car,18
14937,60,18.07,605.3,30933,2.16,658,8,29.51,RENT,car,19
25286,60,16.32,864.65,43810,23.02,803,19,10.62,RENT,home_improvement,0
8480,60,25.41,774.83,174079,13.02,762,12,56.14,OWN,car,0
14780,60,26.01,509.06,156361,0.11,711,1,53.3,OWN,car,1
30375,36,19.69,160.13,109086,31.7,585,3,95.27,MORTGAGE,debt_consolidation,9
19994,36,12.94,671.93,193658,32.4,806,16,55.71,RENT,small_business,7
25487,36,23.7,920.25,68181,10.38,770,14,104.45,OWN,car,1
28281,60,6.95,766.65,153142,13.41,598,9,110.19,RENT,home_improvement,18
21144,36,5.78,1181.8,26116,21.13,598,16,78.88,RENT,debt_consolidation,14
27132,60,18.86,200.69,191807,14.22,786,5,23.84,RENT,home_improvement,13
15859,36,6.55,568.82,116395,7.68,603,11,87.85,MORTGAGE,home_improvement,15
1189,36,14.7,552.29,69354,19.17,786,2,115.93,RENT,debt_consolidation,13
3717,36,11.4,1046.8,58217,34.91,581,1,16.83,OWN,car,0
17555,60,22.9,633.38,161406,31.38,774,8,109.76,RENT,debt_consolidation,0
20816,36,5.91,150.93,132010,26.29,728,12,53.74,RENT,debt_consolidation,16
2089,36,19.35,914.32,189488,31.47,825,15,56.79,OWN,debt_consolidation,11
26342,36,16.05,399.43,163747,34.52,838,19,85.14,MORTGAGE,home_improvement,6
5777,36,24.1,1026.81,191589,24.63,683,5,22.53,MORTGAGE,car,3
21208,36,11.87,784.89,199241,0.59,603,6,30.48,RENT,small_business,5
6520,60,26.47,778.44,83389,16.06,712,2,42.09,OWN,credit_card,0
24253,36,24.31,976.29,23709,1.92,679,7,43.31,OWN,car,14
12410,60,23.19,1158.86,87983,18.84,834,14,45.75,OWN,small_business,2
29992,36,13.1,513.33,171322,0.85,654,7,114.76,MORTGAGE,home_improvement,12
11161,36,25.34,801.74,100048,6.28,693,18,61.9,MORTGAGE,credit_card,0
26006,60,20.7,479.24,124931,9.72,797,14,14.63,MORTGAGE,credit_card,11
3920,36,24.5,212.03,176806,29.72,795,12,102.37,MORTGAGE,debt_consolidation,15
8446,36,7.99,294.97,81971,15.98,801,9,50.95,RENT,credit_card,15
31355,60,21.42,304.48,84583,27.07,684,8,80.49,OWN,small_business,8
7139,60,20.06,1073.27,64933,1.8,593,2,49.47,MORTGAGE,credit_card,9
1190,60,19.08,394.0,169200,6.16,591,18,1.41,MORTGAGE,debt_consolidation,4
13605,36,12.65,526.1,132418,33.2,823,8,114.43,OWN,car,12
34276,60,22.72,208.47,148801,6.84,829,19,67.01,RENT,small_business,19
16882,36,8.11,1150.13,156451,4.44,699,9,22.44,RENT,debt_consolidation,1
8384,60,10.5,777.94,127399,0.8,826,14,75.0,OWN,debt_consolidation,2
14230,36,22.44,823.11,147419,7.16,624,15,6.44,OWN,debt_consolidation,0
23861,60,26.95,416.96,95630,7.13,623,8,119.39,RENT,small_business,6
5854,60,25.88,841.33,21363,11.14,600,13,58.43,MORTGAGE,car,14
5780,36,21.73,442.97,133084,2.28,693,5,95.73,OWN,small_business,1
2161,36,15.82,616.5,186234,12.63,834,12,43.13,RENT,home_improvement,19
12303,36,26.99,132.15,145294,20.51,642,1,84.28,MORTGAGE,car,4
23260,36,11.87,802.88,159280,4.81,790,16,98.95,OWN,debt_consolidation,17
21425,36,19.35,642.5,120057,31.24,722,8,106.28,MORTGAGE,debt_consolidation,2
3261,36,11.77,725.69,32268,34.22,830,12,56.03,MORTGAGE,small_business,1
28526,36,15.05,61.37,59602,21.19,710,4,110.24,MORTGAGE,home_improvement,13
17835,36,24.57,378.81,54484,1.74,757,14,51.83,OWN,credit_card,7
31523,36,25.72,67.95,147310,17.11,683,14,20.25,RENT,debt_consolidation,10
29673,36,18.76,898.6,47728,7.61,685,16,5.07,MORTGAGE,credit_card,1
23601,36,7.43,996.74,176319,1.63,767,17,59.58,RENT,car,14
23973,60,11.98,181.63,168894,24.02,847,19,60.96,RENT,credit_card,5
10259,36,13.44,705.49,31263,4.49,718,16,52.93,MORTGAGE,car,2
21008,36,17.19,167.11,161788,25.67,588,7,100.61,RENT,debt_consolidation,3
2538,36,18.99,599.82,89305,23.99,709,19,82.36,RENT,credit_card,10
16106,36,11.56,330.84,199971,6.65,587,6,100.14,RENT,home_improvement,15
16901,36,19.09,485.99,45545,22.06,625,13,9.78,OWN,home_improvement,14
24857,36,11.32,1091.75,93524,4.6,733,2,17.23,MORTGAGE,credit_card,10
17184,36,10.83,159.93,57165,34.89,612,4,48.21,MORTGAGE,credit_card,16
13820,36,18.95,1189.22,107702,6.35,801,2,24.58,MORTGAGE,home_improvement,16
1287,60,27.22,798.06,172788,5.02,729,4,88.1,RENT,home_improvement,14
26945,60,13.37,823.62,79151,30.21,690,8,112.07,RENT,car,15
28172,60,18.32,967.93,98871,1.91,743,10,75.74,OWN,credit_card,16
17428,36,20.88,1055.98,172379,33.3,613,13,4.41,RENT,small_business,16
9307,60,21.99,373.77,193933,7.51,685,15,107.32,RENT,home_improvement,13
2695,36,6.26,800.84,147987,15.54,610,17,57.31,MORTGAGE,credit_card,3
14232,60,5.57,903.56,97631,1.47,700,2,17.14,MORTGAGE,home_improvement,6
29226,36,23.96,633.69,106842,8.08,786,12,100.63,RENT,home_improvement,16
17184,36,23.67,416.68,165713,16.21,761,12,14.03,RENT,car,3
30856,36,21.64,1078.37,133398,32.11,717,1,53.98,OWN,debt_consolidation,6
26491,36,11.42,883.2,171711,29.08,648,6,88.39,RENT,credit_card,15
29378,36,18.73,1160.05,164137,30.54,628,3,15.23,RENT,home_improvement,17
7610,60,26.91,81.28,38643,13.97,594,9,38.72,OWN,credit_card,0
22598,60,25.73,687.52,187182,33.77,594,13,106.8,RENT,small_business,6
19908,60,20.19,296.2,140730,15.0,591,9,90.02,RENT,small_business,1
5499,36,24.45,713.17,45257,2.54,706,9,33.46,MORTGAGE,small_business,6
34139,60,15.55,460.05,50898,5.17,781,3,89.0,RENT,small_business,11
7155,60,6.92,564.3,43926,2.59,807,16,38.08,RENT,debt_consolidation,10
27426,60,13.27,595.97,105643,10.78,779,15,37.9,MORTGAGE,car,1
24116,60,16.48,314.86,165995,13.69,848,9,99.11,RENT,debt_consolidation,3
10865,36,7.4,180.64,66456,24.51,598,11,111.05,RENT,small_business,16
9328,36,19.0,281.66,50070,10.68,777,9,15.63,MORTGAGE,home_improvement,16
3169,36,17.07,1004.41,124262,24.58,794,6,3.16,OWN,car,11
23031,36,22.97,337.33,171805,23.8,719,3,69.89,RENT,home_improvement,0
11736,60,26.62,1069.79,112506,24.78,658,17,85.33,RENT,car,3
26363,60,20.39,994.44,137367,7.21,785,16,33.1,MORTGAGE,car,5
16474,36,23.4,1030.23,164100,12.19,736,14,57.32,MORTGAGE,credit_card,3
30061,60,16.03,931.67,197886,24.76,821,1,53.05,MORTGAGE,car,1
34691,60,19.03,1183.27,193933,3.02,621,11,14.58,OWN,small_business,9
20087,60,15.53,983.64,21737,26.02,634,15,23.2,MORTGAGE,small_business,11
3610,36,27.96,68.8,163588,10.79,772,5,92.26,MORTGAGE,car,5
23669,60,19.36,981.02,34287,11.22,778,8,85.05,MORTGAGE,car,15
33409,36,10.68,1171.97,126500,34.63,595,9,76.08,OWN,credit_card,16
16313,60,5.53,785.61,149507,6.16,733,7,40.03,RENT,home_improvement,18
1375,60,22.02,801.45,29070,14.81,616,17,46.75,MORTGAGE,credit_card,11
4040,60,8.74,523.25,24163,30.44,616,6,70.69,MORTGAGE,credit_card,5
29803,36,6.01,258.81,130051,6.26,696,6,19.67,OWN,small_business,3
18650,60,19.69,1067.84,30300,2.98,688,5,71.31,OWN,small_business,2
8533,36,14.58,701.59,41526,6.77,789,4,36.85,RENT,home_improvement,2
21566,60,22.14,670.66,190961,23.02,843,5,104.66,MORTGAGE,credit_card,3
7150,60,7.93,117.28,175216,10.99,655,6,7.78,OWN,car,15
3618,60,25.85,989.64,186107,19.49,673,1,79.06,RENT,small_business,9
5675,60,10.98,939.32,51980,19.7,687,2,68.29,MORTGAGE,credit_card,18
4748,36,5.92,850.58,44055,20.65,679,19,107.99,MORTGAGE,home_improvement,0
9007,36,7.6,783.88,57962,0.01,614,13,67.83,RENT,debt_consolidation,5
7540,60,25.02,1052.32,94548,13.15,801,8,97.12,MORTGAGE,small_business,9
14490,36,23.67,542.95,91997,0.95,602,11,20.0,RENT,credit_card,13
7171,60,12.8,535.19,91656,2.05,821,17,61.84,MORTGAGE,small_business,0
4137,60,9.54,560.27,86064,30.24,736,5,36.98,MORTGAGE,small_business,10
28065,36,23.82,1165.43,45226,5.93,758,8,75.95,MORTGAGE,home_improvement,19
17001,36,13.37,133.93,140469,13.19,673,10,89.82,MORTGAGE,home_improvement,0
28082,60,8.58,297.56,199869,2.85,827,15,84.45,OWN,credit_card,0
18200,60,24.31,430.01,139443,15.06,804,4,113.46,OWN,debt_consolidation,5
22174,36,10.15,854.28,141494,20.51,584,5,113.71,MORTGAGE,small_business,6
4311,60,14.34,1037.02,68296,16.66,631,13,66.54,MORTGAGE,small_business,3
27962,60,5.65,597.78,38220,29.03,725,16,0.95,RENT,home_improvement,10
13948,60,21.17,547.54,159794,25.99,845,8,56.02,MORTGAGE,debt_consolidation,11
10824,36,13.5,507.56,34177,33.46,593,7,79.06,MORTGAGE,car,5
9734,60,20.99,202.45,23372,11.46,616,1,77.42,RENT,debt_consolidation,18
15122,60,17.7,147.63,198512,33.13,699,4,56.67,OWN,small_business,5
18771,36,10.11,534.86,111551,18.31,799,16,77.24,RENT,debt_consolidation,19
26519,36,16.59,1028.17,81240,21.11,642,4,110.24,OWN,credit_card,8
8158,60,15.64,637.66,136209,27.69,765,6,3.55,MORTGAGE,credit_card,16
19745,60,15.9,1017.37,49060,27.56,581,19,13.13,OWN,home_improvement,8
5529,60,24.46,609.14,88517,16.28,704,1,8.18,MORTGAGE,small_business,18
17644,60,26.56,1065.89,157559,10.95,781,3,63.65,OWN,debt_consolidation,13
12739,36,20.39,468.51,25164,23.44,712,14,6.65,RENT,credit_card,5
4716,36,8.31,746.5,26586,6.0,834,7,64.05,RENT,debt_consolidation,17
21584,60,25.76,359.77,32410,33.45,803,10,64.37,OWN,small_business,6
27123,60,17.37,1007.72,69887,8.15,683,6,25.54,RENT,car,3
11209,60,23.81,139.76,113740,2.31,684,9,110.17,MORTGAGE,car,13
33117,36,26.13,656.65,57595,29.22,699,3,53.77,MORTGAGE,home_improvement,1
31134,60,18.36,873.11,144128,6.62,690,1,60.18,MORTGAGE,small_business,16
1016,36,23.68,1011.86,133880,6.76,784,5,108.82,OWN,home_improvement,9
22800,60,18.92,832.07,128033,14.02,754,9,103.92,OWN,debt_consolidation,17
11233,36,15.14,408.16,72483,5.43,653,8,114.33,OWN,credit_card,9
30961,36,13.31,1175.95,119354,11.93,732,13,58.28,OWN,small_business,2
28286,36,7.67,457.93,97179,12.47,597,19,15.46,MORTGAGE,credit_card,5
1887,36,17.57,452.35,69214,2.16,666,5,86.8,RENT,small_business,15
6779,36,12.87,714.02,197847,12.13,663,3,8.21,OWN,home_improvement,2
12435,60,11.18,922.77,95121,12.57,723,10,82.41,MORTGAGE,credit_card,19
30063,36,20.61,756.84,47633,3.37,698,9,31.21,OWN,car,17
11283,36,22.08,1040.66,67351,1.97,833,14,90.0,RENT,home_improvement,16
19155,36,9.32,947.51,133372,7.01,613,15,62.54,MORTGAGE,credit_card,8
19030,60,25.67,539.33,23877,30.34,828,14,93.46,RENT,car,6
14654,36,15.06,1062.43,156433,5.59,745,18,51.32,OWN,debt_consolidation,4
6793,60,7.29,720.9,75881,22.14,617,3,63.18,RENT,small_business,10
3454,36,25.06,792.63,185977,7.55,716,11,18.12,OWN,debt_consolidation,0
26373,60,5.92,1109.4,170553,28.09,833,16,111.2,MORTGAGE,credit_card,18
27213,36,23.64,1128.35,50110,1.64,833,16,84.56,OWN,credit_card,16
24574,36,23.51,545.31,106891,16.64,738,4,106.71,MORTGAGE,credit_card,1
8987,36,24.75,181.89,126035,16.56,761,2,38.86,RENT,small_business,10
15671,60,27.82,681.99,48534,8.43,582,7,91.98,RENT,credit_card,1
1258,36,27.97,60.2,75421,5.08,832,12,28.32,RENT,home_improvement,9
10428,60,7.16,1150.56,153655,0.06,708,11,109.57,MORTGAGE,credit_card,12
34290,60,13.79,821.75,158043,4.17,750,14,100.28,RENT,debt_consolidation,4
14547,36,22.02,352.1,100350,30.3,821,17,23.7,MORTGAGE,small_business,15
1193,60,21.39,73.66,82845,30.78,669,15,116.7,RENT,home_improvement,7
23700,60,18.55,145.99,80656,22.62,722,6,52.44,MORTGAGE,credit_card,13
27616,36,20.21,133.12,126255,1.24,700,15,74.85,RENT,small_business,3
3962,60,20.94,904.43,113125,7.37,844,12,6.69,RENT,home_improvement,18
33510,60,12.73,892.25,34075,27.93,768,14,47.6,MORTGAGE,small_business,16
27928,36,6.05,565.8,184340,28.94,678,5,77.5,MORTGAGE,small_business,17
2492,36,26.94,256.52,77198,22.74,741,10,61.35,MORTGAGE,credit_card,17
25817,60,13.7,331.02,122241,6.86,745,9,63.02,OWN,home_improvement,18
10424,36,25.33,1057.19,143116,17.07,654,3,46.36,MORTGAGE,small_business,1
34339,36,10.08,385.85,73651,25.16,846,10,36.23,RENT,debt_consolidation,10
10518,60,8.63,331.04,71318,30.38,750,17,97.13,MORTGAGE,car,18
18118,60,11.03,996.05,158675,5.59,648,6,26.44,OWN,home_improvement,7
7640,60,26.78,311.87,81276,31.77,634,6,82.77,OWN,debt_consolidation,6
30592,60,16.49,1187.16,73214,7.83,672,14,53.79,MORTGAGE,home_improvement,17
3808,36,11.49,367.34,165213,6.95,614,7,101.55,OWN,small_business,13
19255,60,11.45,466.77,191654,34.81,721,7,60.71,OWN,home_improvement,19
2154,60,22.87,228.43,38007,11.54,745,13,106.26,RENT,home_improvement,3
21789,36,20.48,514.25,47961,34.27,691,1,78.77,MORTGAGE,debt_consolidation,13
3062,36,6.25,695.03,92848,24.57,745,9,118.48,MORTGAGE,debt_consolidation,4
2542,60,21.5,892.86,26242,18.64,817,10,107.55,OWN,home_improvement,16
4783,36,12.21,1159.19,106328,25.0,788,11,52.57,RENT,home_improvement,15
31595,60,18.88,929.56,43074,10.89,772,10,17.33,OWN,car,17
28052,60,11.55,1115.81,42027,19.02,726,8,61.65,MORTGAGE,small_business,5
32471,60,13.12,996.43,96502,12.14,739,18,92.61,OWN,home_improvement,3
18774,36,5.63,593.51,97402,34.3,637,5,110.66,MORTGAGE,debt_consolidation,11
13182,60,21.77,564.39,124342,16.12,780,15,80.07,OWN,small_business,5
3716,60,15.7,216.99,88109,0.57,696,10,71.21,OWN,car,12
20800,36,9.29,888.07,31651,27.24,836,2,110.34,MORTGAGE,car,10
11893,60,21.78,1002.77,59288,11.36,650,11,108.25,OWN,small_business,11
31133,60,14.14,422.48,126313,28.97,677,13,78.11,RENT,credit_card,11
12308,60,11.47,1149.02,67060,33.38,832,7,17.38,RENT,home_improvement,6
23399,36,25.04,733.99,84948,4.73,805,2,1.44,OWN,car,8
20488,60,16.29,770.32,88858,26.25,714,14,13.41,MORTGAGE,debt_consolidation,12
10265,60,9.63,815.64,108830,29.79,603,8,119.61,RENT,debt_consolidation,0
29854,60,23.44,926.58,154730,25.51,734,12,28.1,OWN,debt_consolidation,9
24324,36,21.37,128.71,121354,26.45,585,13,19.66,MORTGAGE,credit_card,15
5434,36,22.25,680.93,78952,15.56,727,4,26.6,RENT,small_business,13
5992,36,18.54,794.56,67128,17.78,617,19,22.25,RENT,home_improvement,15
25734,60,15.28,903.74,130295,11.9,754,4,103.95,RENT,home_improvement,3
2627,60,14.77,290.57,83917,16.28,673,14,34.91,MORTGAGE,car,1
23804,36,7.8,684.46,110037,5.46,660,4,40.52,OWN,home_improvement,3
6052,60,9.76,879.17,38256,34.27,681,17,73.46,MORTGAGE,small_business,11
24624,36,17.73,503.49,100490,19.94,705,7,25.28,OWN,car,14
20937,60,17.33,994.16,132892,5.72,828,6,79.87,OWN,home_improvement,11
22438,60,12.7,162.31,104114,22.3,673,10,42.51,RENT,debt_consolidation,13
29706,60,20.94,963.88,145022,27.3,808,9,6.9,OWN,debt_consolidation,16
23556,60,13.15,904.19,105380,22.39,616,2,103.94,RENT,home_improvement,9
12618,36,8.9,155.05,76439,28.6,760,18,117.38,MORTGAGE,debt_consolidation,2
34755,60,17.09,1057.01,54828,1.95,686,19,15.57,RENT,credit_card,11
1717,60,7.11,745.79,53152,23.38,790,1,108.34,OWN,credit_card,4
18374,36,21.8,815.18,121936,23.22,609,2,35.84,MORTGAGE,home_improvement,6
13254,36,14.43,639.62,108859,32.19,775,1,54.05,MORTGAGE,home_improvement,2
34073,36,21.25,1185.87,29534,18.38,783,5,70.15,OWN,small_business,2
13067,60,23.06,546.63,119032,34.59,796,10,104.82,RENT,home_improvement,18
32881,60,17.58,64.79,194447,7.16,687,13,7.82,MORTGAGE,debt_consolidation,14
12023,60,20.57,821.63,32911,5.34,781,16,64.25,MORTGAGE,debt_consolidation,16
25604,60,26.97,848.38,171566,30.81,809,10,6.04,RENT,home_improvement,15
29982,36,15.13,866.38,107719,13.67,677,14,92.34,OWN,credit_card,18
9512,60,6.31,777.87,100908,30.15,693,2,37.66,MORTGAGE,debt_consolidation,4
11364,36,6.24,68.49,169891,25.5,799,17,34.57,RENT,debt_consolidation,2
26566,60,25.89,401.36,166192,1.99,719,16,79.3,RENT,home_improvement,8
18101,60,12.75,692.36,69987,30.62,835,9,25.25,RENT,home_improvement,1
25300,60,7.12,1187.56,179027,25.74,827,10,24.6,MORTGAGE,car,2
23359,60,25.99,700.39,151399,10.25,820,4,3.17,MORTGAGE,credit_card,1
4129,60,12.27,345.26,84430,25.35,707,15,60.69,OWN,credit_card,9
14428,36,8.21,419.17,169637,4.46,645,19,55.36,RENT,small_business,2
22520,60,12.7,335.67,63023,24.34,816,19,52.3,OWN,credit_card,6
33006,60,21.13,139.72,36560,9.43,621,15,23.11,RENT,home_improvement,8
14994,60,27.71,110.08,124012,34.3,810,9,80.39,OWN,credit_card,13
30345,36,24.16,416.9,96587,19.56,750,19,99.79,RENT,credit_card,3
14269,36,25.58,850.25,79829,3.94,823,8,23.13,OWN,small_business,11
31746,60,7.64,964.77,159784,21.9,777,1,17.05,MORTGAGE,car,18
16790,36,14.35,448.02,87933,21.7,775,2,4.02,OWN,small_business,17
4178,60,7.96,676.54,76936,6.65,756,14,26.8,RENT,small_business,17
9924,36,8.68,1185.41,29993,8.06,712,8,31.14,OWN,debt_consolidation,1
7655,60,26.45,363.46,144361,4.77,786,7,16.91,OWN,car,6
27732,60,12.93,999.74,66809,34.31,682,15,87.55,RENT,credit_card,5
15211,36,10.97,1114.89,52401,27.03,694,19,32.15,RENT,credit_card,15
25791,60,23.85,1184.39,133353,11.99,809,7,3.85,OWN,car,3
32401,60,9.67,1005.66,171650,22.74,836,3,14.4,RENT,home_improvement,8
28860,60,8.5,697.85,20969,26.3,705,5,24.7,RENT,debt_consolidation,0
30344,60,27.88,292.19,128248,24.87,682,6,31.36,MORTGAGE,small_business,7
9502,36,13.17,824.83,131045,15.0,585,7,62.88,MORTGAGE,home_improvement,10
6017,60,18.25,1010.2,78989,12.37,793,9,88.52,MORTGAGE,credit_card,18
3219,60,11.33,1048.37,150865,32.04,595,2,4.9,OWN,home_improvement,11
2678,36,20.03,1094.73,103031,24.42,644,17,83.01,RENT,debt_consolidation,13
14861,36,10.52,68.83,149110,1.84,652,9,81.35,OWN,credit_card,18
26097,60,21.52,181.2,45040,31.85,794,13,72.81,OWN,debt_consolidation,6
17199,60,18.28,1033.51,99091,6.82,841,2,51.09,MORTGAGE,small_business,16
29920,36,17.39,537.53,28689,33.77,601,15,80.64,MORTGAGE,debt_consolidation,6
13251,36,25.37,501.38,139879,10.23,648,19,47.2,MORTGAGE,credit_card,8
3461,60,21.02,378.5,60558,14.01,739,14,117.68,OWN,home_improvement,13
17616,60,11.91,607.68,83571,6.42,606,1,106.28,OWN,home_improvement,19
7722,60,21.4,167.5,171882,31.63,784,2,78.7,RENT,debt_consolidation,16
24199,36,24.57,1040.21,188286,15.16,585,7,25.73,MORTGAGE,small_business,14
3994,60,11.94,341.39,89513,9.81,652,8,57.65,OWN,car,2
21173,60,11.3,384.66,84274,4.64,714,8,105.95,OWN,small_business,16
25570,60,22.88,177.95,98342,3.96,835,1,64.43,OWN,home_improvement,2
20238,60,14.44,668.83,134688,22.32,656,2,44.84,MORTGAGE,home_improvement,16
33464,60,17.55,80.88,132436,1.47,799,2,118.53,OWN,car,7
21950,60,11.41,718.45,123026,2.77,776,9,100.76,MORTGAGE,credit_card,4
4262,36,15.86,501.1,128157,7.62,732,15,72.47,OWN,debt_consolidation,3
29805,36,20.0,1165.28,116492,4.26,841,18,3.81,MORTGAGE,debt_consolidation,3
28472,60,25.44,370.25,191503,22.18,768,2,44.78,OWN,small_business,12
24567,36,20.97,442.84,50571,11.17,699,3,29.68,MORTGAGE,small_business,1
32422,60,7.29,1076.23,193746,19.68,672,4,37.38,RENT,credit_card,11
33562,36,20.88,768.65,69956,4.35,737,4,12.78,RENT,small_business,13
12683,36,8.68,671.38,122900,34.62,689,15,114.74,OWN,small_business,6
14283,36,16.79,916.18,161696,28.63,617,1,113.21,RENT,home_improvement,15
13982,36,17.37,858.61,55930,28.7,646,19,78.3,RENT,home_improvement,12
8052,60,21.32,293.64,191066,11.81,608,13,71.57,RENT,home_improvement,8
1619,36,26.05,441.78,100808,5.54,606,6,77.86,OWN,home_improvement,11
19816,36,13.11,807.19,149213,2.86,798,17,39.43,OWN,car,6
4786,60,10.96,276.48,36471,25.87,794,18,105.36,RENT,small_business,6
9433,36,20.35,1067.43,62517,21.51,648,2,69.9,RENT,debt_consolidation,7
19613,60,10.0,1066.73,64741,0.88,732,7,27.79,OWN,credit_card,10
24954,60,5.83,1168.47,156094,4.56,792,8,87.76,RENT,small_business,14
2120,60,6.69,679.33,164779,2.13,595,7,23.81,MORTGAGE,small_business,14
7411,36,21.97,741.76,138249,4.81,633,18,66.32,MORTGAGE,home_improvement,15
33402,36,12.78,694.53,95864,15.88,724,9,39.01,MORTGAGE,debt_consolidation,11
28890,36,7.21,621.21,170372,15.94,797,2,115.82,OWN,debt_consolidation,1
33733,36,6.1,981.35,49055,20.64,655,8,87.66,OWN,small_business,2
9179,36,10.42,1037.76,26609,24.6,607,5,44.58,RENT,car,19
25070,36,25.69,909.62,118600,16.91,733,14,109.99,MORTGAGE,debt_consolidation,12
16523,60,19.26,505.31,106069,34.0,602,13,86.8,MORTGAGE,home_improvement,17
5926,36,18.03,950.06,112304,5.82,803,7,70.71,OWN,home_improvement,5
34768,60,7.08,1040.0,153018,8.58,829,3,87.5,RENT,credit_card,2
1731,36,10.03,890.92,166997,34.75,606,1,6.22,MORTGAGE,car,14
31746,60,20.5,286.07,28652,23.59,813,10,66.75,RENT,car,11
27711,60,14.02,1097.73,77148,27.12,668,18,36.76,OWN,debt_consolidation,17
31099,36,27.3,1172.98,93528,25.36,586,1,58.21,RENT,small_business,14
26833,60,24.01,667.87,158560,5.14,584,10,1.21,OWN,car,10
30926,60,6.5,375.99,118777,31.85,584,1,59.83,RENT,home_improvement,14
8951,36,22.97,567.45,170641,34.03,792,12,41.79,RENT,home_improvement,12
21929,60,21.64,240.4,153880,5.72,695,19,57.32,OWN,credit_card,3
29246,36,20.86,273.52,134968,5.19,669,19,75.14,RENT,car,6
22181,36,17.96,601.42,181313,19.21,649,3,2.04,MORTGAGE,small_business,7
32379,60,25.54,913.93,60916,29.27,611,8,35.95,RENT,credit_card,3
2920,60,17.51,1107.17,155278,18.89,747,11,70.95,OWN,debt_consolidation,11
16338,60,12.08,1072.61,153943,10.75,685,16,14.89,RENT,home_improvement,1
29276,36,24.01,485.11,61999,15.01,768,9,32.12,RENT,credit_card,6
12156,60,13.01,1099.79,46011,10.11,583,10,14.54,OWN,small_business,6
12110,36,13.3,761.98,49825,7.37,843,1,5.93,OWN,small_business,4
24776,36,17.08,533.68,163166,2.62,697,11,23.49,OWN,credit_card,4
30092,60,7.79,328.51,102979,16.29,724,11,5.55,OWN,debt_consolidation,12
10524,60,10.89,365.54,140354,1.59,842,12,107.08,RENT,car,10
8354,60,9.89,199.76,185584,7.34,701,5,113.53,OWN,debt_consolidation,4
8933,36,20.51,799.18,35958,13.1,770,3,72.1,RENT,home_improvement,1
18297,60,19.95,1144.89,106934,34.57,833,16,95.96,OWN,debt_consolidation,3
6606,60,10.49,517.68,80252,1.24,623,2,26.48,MORTGAGE,car,13
14851,36,15.4,599.15,192068,11.39,804,2,79.82,RENT,credit_card,1
2141,36,21.85,970.27,54754,18.9,605,3,107.59,MORTGAGE,home_improvement,16
17848,36,6.22,381.59,30322,2.33,816,2,102.97,OWN,small_business,8
7533,36,18.72,159.13,79866,15.47,694,4,31.02,OWN,debt_consolidation,12
8269,36,22.06,458.21,192146,32.3,742,4,14.36,RENT,credit_card,7
11805,36,12.49,1119.27,104766,29.65,631,13,64.43,OWN,small_business,3
10940,36,8.08,1157.5,147710,31.92,627,11,42.02,MORTGAGE,car,16
1159,36,21.77,202.58,66557,0.2,839,18,107.51,OWN,small_business,8
32705,36,23.36,73.04,122330,21.71,765,17,1.26,MORTGAGE,credit_card,9
8813,60,14.94,1044.92,149079,33.4,744,19,42.66,RENT,home_improvement,5
9711,36,17.42,1055.44,116529,7.96,737,13,2.66,RENT,credit_card,4
28509,36,20.67,84.27,96844,5.91,660,14,86.09,OWN,home_improvement,5
14923,60,21.85,1041.64,26121,4.21,768,14,57.89,MORTGAGE,credit_card,14
6602,60,26.11,210.03,68760,34.93,693,19,50.77,MORTGAGE,home_improvement,18
19708,36,7.3,248.18,160284,10.08,761,15,49.34,MORTGAGE,credit_card,7
1726,60,21.01,953.75,125856,24.69,678,15,31.71,RENT,small_business,16
34320,60,9.07,1068.63,162645,8.85,727,14,47.15,RENT,credit_card,4
33954,36,25.24,824.68,25094,6.23,664,11,90.77,OWN,debt_consolidation,2
5033,36,21.43,424.6,177450,0.38,614,14,85.51,RENT,debt_consolidation,8
5247,60,18.3,960.48,105184,19.01,686,13,21.04,RENT,small_business,12
7546,36,20.98,255.34,182008,20.15,822,18,119.61,MORTGAGE,car,4
24705,36,8.34,709.11,50956,30.39,656,10,31.64,MORTGAGE,car,6
3591,60,14.18,1069.28,48557,21.55,590,5,9.78,MORTGAGE,debt_consolidation,16
10184,60,12.26,928.08,35327,3.05,616,2,89.74,OWN,credit_card,18
19071,60,6.38,1184.32,48285,8.66,605,15,114.75,OWN,debt_consolidation,2
15199,36,24.92,53.0,171117,31.74,780,4,56.45,MORTGAGE,small_business,11
2917,60,25.7,794.63,58280,2.64,728,6,112.77,OWN,home_improvement,13
18719,36,27.04,399.92,187123,5.92,806,12,108.6,OWN,credit_card,4
28932,36,19.19,817.03,182673,3.84,790,6,57.49,RENT,debt_consolidation,1
10569,60,12.37,701.78,182768,29.6,637,1,5.87,MORTGAGE,debt_consolidation,10
28236,60,21.89,254.42,79432,28.4,721,2,76.54,OWN,car,0
5994,60,8.49,626.39,137436,22.28,806,10,29.1,MORTGAGE,home_improvement,16
28965,60,13.11,466.07,192193,20.86,652,14,109.96,OWN,debt_consolidation,0
12390,36,18.55,683.64,199936,34.39,790,4,85.31,MORTGAGE,debt_consolidation,8
20614,60,14.16,137.85,45525,31.16,834,3,88.72,OWN,home_improvement,13
24853,60,17.07,579.8,128343,21.02,769,17,27.53,MORTGAGE,credit_card,4
10915,36,5.85,288.18,34975,13.55,713,8,44.75,OWN,home_improvement,4
2980,36,14.81,192.82,63255,13.73,685,7,109.12,MORTGAGE,home_improvement,8
28464,36,10.12,821.42,191061,30.63,766,6,31.45,OWN,home_improvement,9
16995,36,16.53,52.94,110467,12.14,619,17,31.63,OWN,small_business,2
19019,60,16.15,556.81,182500,6.34,748,2,29.42,MORTGAGE,credit_card,8
18087,60,27.71,786.71,190330,16.36,599,12,13.44,RENT,credit_card,2
34467,60,26.46,224.69,120867,13.16,773,5,16.56,OWN,small_business,11
9636,60,24.44,1075.27,196303,11.86,607,13,109.97,OWN,home_improvement,5
26517,36,19.97,762.03,81760,29.19,705,13,102.13,MORTGAGE,small_business,6
21323,36,26.46,1034.12,39958,22.16,796,12,48.5,MORTGAGE,small_business,16
11900,60,8.9,1185.58,20451,22.23,597,7,111.65,RENT,car,14
16222,36,23.46,917.52,166757,15.07,838,7,61.69,RENT,car,15
27399,36,21.45,670.08,60428,25.53,748,14,49.81,MORTGAGE,credit_card,6
18857,60,15.89,1083.71,99880,18.39,824,9,59.33,MORTGAGE,debt_consolidation,5
15327,36,14.67,1085.72,102561,27.63,830,17,92.14,OWN,debt_consolidation,4
24165,36,7.1,396.13,188035,32.72,716,4,110.04,MORTGAGE,car,17
11234,36,20.36,220.88,84036,16.12,767,19,45.16,RENT,debt_consolidation,5
4765,36,25.51,97.15,139378,33.86,620,10,29.17,RENT,car,2
26599,36,19.09,852.67,121163,18.48,600,15,69.03,RENT,debt_consolidation,4
18153,60,17.89,251.72,188559,0.24,580,4,78.51,OWN,debt_consolidation,12
25226,60,19.86,950.99,47188,34.89,597,1,5.71,RENT,credit_card,19
32821,36,16.3,393.98,93424,20.94,609,11,37.31,OWN,debt_consolidation,16
31254,36,21.63,544.0,59906,4.36,664,1,15.48,MORTGAGE,credit_card,17
20702,60,21.25,290.79,161110,33.16,652,18,46.37,MORTGAGE,home_improvement,14
16913,60,6.34,1105.83,52669,14.85,596,6,93.25,RENT,car,11
11913,36,8.56,1096.11,173658,2.26,651,14,37.44,RENT,debt_consolidation,16
3327,60,16.85,671.61,117677,35.0,736,2,55.37,MORTGAGE,debt_consolidation,8
2515,36,6.15,207.44,181115,31.41,638,3,96.05,RENT,debt_consolidation,1
28037,60,18.41,480.3,92822,30.66,670,5,18.24,OWN,debt_consolidation,10
11179,60,20.3,795.45,150171,3.03,737,18,18.6,MORTGAGE,car,13
18575,60,11.75,1168.73,24200,3.53,719,11,100.75,RENT,home_improvement,13
33482,36,27.84,841.76,150694,10.29,592,6,16.28,OWN,car,7
29633,36,12.37,468.37,26458,31.57,711,4,51.44,MORTGAGE,car,11
20198,36,7.08,280.37,193808,23.19,690,12,4.92,OWN,debt_consolidation,1
19689,36,25.98,1064.59,157867,7.81,599,16,22.84,RENT,debt_consolidation,13
12171,36,16.67,263.06,159462,28.82,684,9,101.24,OWN,home_improvement,11
26051,36,24.42,1139.75,173618,24.04,787,8,96.34,RENT,credit_card,5
22031,60,6.27,411.74,24490,1.21,801,3,112.06,OWN,debt_consolidation,1
32926,60,20.6,399.96,38009,10.91,639,9,24.88,RENT,home_improvement,3
7116,60,12.46,586.66,40180,17.58,726,5,93.78,OWN,credit_card,3
31425,60,24.77,957.2,48735,33.72,786,18,9.28,RENT,car,19
30125,36,24.23,700.33,45259,25.47,791,14,116.41,RENT,car,4
23403,60,19.44,188.1,168790,28.88,612,6,8.27,RENT,car,7
34584,60,18.95,53.88,104170,23.1,600,11,33.4,OWN,small_business,6
34367,60,16.03,287.16,94923,14.78,597,3,110.09,RENT,car,7
19058,60,9.31,331.11,32583,4.69,798,18,110.73,RENT,car,14
25297,60,26.93,1115.57,27085,15.86,819,2,99.44,MORTGAGE,small_business,6
5255,36,16.81,105.48,63183,25.78,733,19,17.78,RENT,small_business,5
22999,60,6.86,1055.99,56189,16.93,687,13,41.3,OWN,car,11
33157,36,11.45,631.37,57481,22.57,806,18,117.98,OWN,credit_card,17
19971,36,27.24,1090.78,76938,27.72,643,10,13.22,OWN,credit_card,14
34307,60,27.61,368.12,94332,10.19,776,19,3.77,RENT,credit_card,0
2762,36,12.88,658.63,172982,18.63,686,16,37.85,RENT,small_business,9
21866,60,8.25,231.31,146682,29.7,805,6,99.66,RENT,debt_consolidation,18
28384,60,5.95,129.95,71588,33.49,634,1,64.37,OWN,debt_consolidation,4
13765,60,16.28,690.49,35175,5.57,618,8,86.75,MORTGAGE,small_business,9
28606,36,27.52,611.7,94397,27.4,722,3,57.71,OWN,car,3
34893,60,23.89,524.9,117654,27.03,844,6,83.36,MORTGAGE,home_improvement,6
15519,60,8.23,523.15,146164,22.04,741,14,111.27,MORTGAGE,credit_card,9
16202,60,18.39,530.36,125908,10.87,711,19,54.04,MORTGAGE,debt_consolidation,5
25557,60,8.54,401.58,26309,11.26,621,2,46.61,MORTGAGE,small_business,12
33272,36,7.41,412.88,137990,15.42,758,4,109.43,RENT,small_business,10
17260,60,11.93,853.37,96086,22.2,597,4,46.25,MORTGAGE,car,9
14422,36,19.3,784.71,20318,34.64,780,13,5.74,MORTGAGE,car,8
28125,60,27.22,390.13,191663,4.95,756,12,53.76,RENT,home_improvement,0
15599,60,14.9,769.79,196813,2.23,784,9,27.75,OWN,small_business,10
6311,36,26.41,480.96,194846,6.16,730,15,59.35,OWN,home_improvement,0
26500,60,16.65,757.51,43115,6.79,789,7,114.84,OWN,home_improvement,17
14737,60,6.83,891.91,110534,24.47,645,1,56.97,MORTGAGE,debt_consolidation,0
22953,60,24.29,91.1,108660,25.26,625,5,119.26,MORTGAGE,credit_card,18
17244,60,15.92,397.5,197777,4.39,713,10,115.4,MORTGAGE,car,0
5360,60,9.43,743.39,170002,19.33,719,10,47.28,RENT,home_improvement,18
11651,60,14.79,105.92,109860,28.62,647,17,115.54,RENT,car,3
17279,60,7.34,1125.06,45015,25.57,651,4,86.63,MORTGAGE,credit_card,14
16950,60,27.99,1062.34,71929,3.11,725,14,70.71,RENT,debt_consolidation,0
18022,60,16.62,132.67,36705,20.19,683,4,8.0,RENT,small_business,19
13504,36,23.56,535.33,108619,32.08,649,19,21.49,OWN,car,15
7238,60,20.03,972.78,147934,23.44,778,14,50.2,MORTGAGE,car,18
8130,60,15.76,570.2,151557,7.32,714,4,46.15,MORTGAGE,debt_consolidation,18
30328,36,24.19,653.4,165682,28.49,680,10,112.46,MORTGAGE,small_business,15
14417,60,13.17,1071.09,33750,9.94,667,8,103.95,MORTGAGE,small_business,10
19074,60,24.87,120.28,37414,10.64,835,3,51.62,RENT,small_business,3
14318,36,7.83,258.51,193327,22.21,829,18,59.36,OWN,credit_card,3
33658,60,5.75,732.54,84105,24.66,736,14,50.22,RENT,credit_card,0
27029,60,7.44,1136.24,55862,13.93,603,4,34.98,OWN,debt_consolidation,4
4373,60,26.26,513.11,142863,21.95,641,1,26.6,RENT,credit_card,14
16261,36,23.39,1006.1,134160,17.41,610,18,88.97,RENT,credit_card,19
30932,36,5.85,127.66,155738,15.39,741,9,88.37,OWN,credit_card,8
16781,60,24.73,1198.86,90173,9.13,634,16,92.06,MORTGAGE,debt_consolidation,14
25255,36,24.22,1012.35,25334,22.49,581,2,92.61,RENT,car,6
9595,60,10.9,693.75,144227,32.9,728,9,66.52,OWN,credit_card,17
20778,60,26.94,638.58,23857,5.75,831,18,64.75,MORTGAGE,debt_consolidation,9
7380,36,21.03,1145.71,119017,7.21,808,8,30.0,OWN,car,1
11759,60,22.86,516.94,157572,30.42,664,5,67.79,MORTGAGE,home_improvement,12
6552,36,15.89,1126.02,161940,14.43,726,19,110.74,MORTGAGE,credit_card,5
28526,36,20.56,879.74,150856,21.19,767,7,53.66,RENT,credit_card,17
15852,36,25.35,604.55,136659,2.28,807,16,108.65,OWN,home_improvement,18
24091,60,24.88,306.81,192645,8.37,806,7,26.51,MORTGAGE,car,7
7344,60,6.24,652.21,96579,18.45,734,10,68.6,OWN,car,6
33284,36,22.75,470.88,135006,1.94,762,2,39.89,RENT,car,14
33711,36,25.58,959.73,41378,23.49,607,17,115.34,RENT,small_business,2
16689,60,17.27,1119.85,21223,17.44,754,7,15.89,RENT,car,5
30038,60,6.9,1068.96,172350,7.88,633,2,7.75,RENT,car,3
13808,60,22.55,413.98,170765,34.12,663,3,60.59,RENT,small_business,3
13720,36,15.09,131.42,43304,3.23,717,8,87.99,RENT,small_business,11
9702,36,26.98,236.83,131302,30.8,801,9,62.24,OWN,home_improvement,12
7588,60,25.89,901.53,23668,29.53,680,11,58.1,OWN,small_business,3
19047,60,14.28,425.44,150904,27.61,670,4,71.11,RENT,debt_consolidation,11
14918,60,27.96,124.66,158811,15.05,602,4,63.57,MORTGAGE,small_business,16
20212,36,7.9,259.16,76327,22.51,820,4,111.48,RENT,home_improvement,1
22116,36,14.67,825.88,191614,29.92,640,1,113.33,OWN,credit_card,13
28228,60,12.06,1010.1,107464,7.47,637,6,59.41,OWN,car,1
14840,36,14.14,1158.24,21177,19.83,847,10,84.08,OWN,debt_consolidation,10
1645,36,11.32,988.81,104688,13.85,726,18,91.18,RENT,debt_consolidation,16
4731,36,26.85,685.95,178691,14.74,760,18,74.03,OWN,car,9
6435,36,24.07,1152.81,43898,11.46,638,9,72.55,MORTGAGE,car,2
5686,36,22.66,1142.15,176252,2.48,714,3,7.26,MORTGAGE,car,16
4890,36,25.65,705.3,177873,3.92,776,3,39.73,MORTGAGE,credit_card,0
14500,36,16.48,707.62,167045,34.45,800,19,64.52,OWN,home_improvement,16
6798,36,7.7,901.93,98508,0.05,657,2,13.44,MORTGAGE,credit_card,11
3839,60,25.6,316.24,90942,25.33,670,7,26.95,RENT,debt_consolidation,2
24238,36,26.56,563.41,114260,32.49,674,2,30.77,OWN,small_business,3
14907,36,20.02,1169.77,34890,34.64,808,9,110.86,RENT,small_business,15
5544,60,10.88,912.91,155886,13.18,598,5,65.12,MORTGAGE,debt_consolidation,5
20164,60,21.84,869.5,158333,30.42,615,15,48.35,OWN,credit_card,11
25849,36,18.34,865.48,118856,5.69,628,18,9.02,OWN,credit_card,6
26174,60,6.97,485.25,35316,18.04,786,5,114.71,RENT,debt_consolidation,3
1854,36,18.1,197.61,144826,0.52,670,8,119.49,OWN,car,13
23005,36,18.1,1004.77,162180,8.1,631,7,78.83,MORTGAGE,debt_consolidation,13
9531,36,27.75,1069.38,25335,20.22,686,17,20.92,RENT,small_business,16
8446,36,8.48,1179.75,92337,25.45,581,1,23.1,OWN,home_improvement,17
27526,36,6.56,1097.04,126485,4.15,691,12,19.18,OWN,credit_card,17
11832,60,8.37,52.31,182428,15.4,830,5,102.49,OWN,home_improvement,16
4358,36,14.88,669.51,38262,31.29,605,1,37.27,RENT,small_business,4
27249,36,14.46,574.8,109399,13.53,719,11,60.04,RENT,small_business,9
2207,60,14.7,794.42,75283,20.51,751,6,112.46,OWN,small_business,11
34816,36,15.51,236.72,98986,32.96,604,4,75.9,OWN,car,1
6759,60,8.84,354.86,45035,13.29,744,8,86.42,MORTGAGE,car,6
11521,60,7.73,1145.65,121025,4.38,760,5,106.14,RENT,credit_card,10
15536,60,22.74,1043.71,37942,9.08,799,16,46.75,MORTGAGE,small_business,3
13742,36,11.26,813.9,63315,5.6,848,6,5.25,MORTGAGE,debt_consolidation,4
12207,36,15.31,933.82,174818,3.21,758,7,25.61,MORTGAGE,debt_consolidation,16
30749,36,24.19,106.91,74716,14.43,646,16,111.03,MORTGAGE,car,0
1161,36,19.96,291.3,44346,25.1,684,13,52.83,RENT,car,16
26991,36,24.01,590.88,102563,5.74,752,3,49.88,RENT,home_improvement,10
17567,36,19.58,971.66,165948,12.42,800,5,73.9,MORTGAGE,home_improvement,13
28534,60,14.74,777.56,104784,12.43,609,17,52.9,RENT,credit_card,7
14921,60,21.35,564.52,88882,2.29,636,13,54.33,MORTGAGE,credit_card,0
30711,60,10.58,455.81,104606,5.28,767,10,11.33,OWN,debt_consolidation,19
12918,60,26.82,871.03,100483,9.95,697,2,6.15,OWN,debt_consolidation,12
2667,36,8.06,940.68,72047,5.31,824,14,47.08,MORTGAGE,home_improvement,0
7823,60,13.13,895.96,107983,0.22,815,7,109.74,OWN,home_improvement,7
30739,36,12.66,817.96,127918,0.32,677,6,82.34,OWN,debt_consolidation,11
9208,60,25.25,705.9,116806,29.63,718,6,32.93,MORTGAGE,small_business,14
10190,36,12.66,1073.03,190750,2.6,616,5,36.49,MORTGAGE,home_improvement,5
32055,60,11.47,923.78,80359,0.02,662,9,4.51,OWN,home_improvement,5
31329,60,17.96,1136.64,23246,6.88,593,9,37.0,RENT,small_business,15
4849,60,20.86,800.63,166441,16.26,789,11,2.49,OWN,small_business,8
8967,60,19.27,682.85,185468,3.33,770,18,86.62,OWN,small_business,6
11848,60,13.38,994.51,149222,21.81,812,5,84.79,RENT,debt_consolidation,9
26279,60,10.56,994.47,97474,27.48,649,12,26.58,OWN,home_improvement,12
20874,60,6.98,134.03,80874,31.93,840,6,5.81,MORTGAGE,car,0
22225,60,12.82,100.88,131141,8.15,732,16,73.12,MORTGAGE,credit_card,11
29684,60,7.87,865.96,80690,29.79,596,2,77.54,RENT,home_improvement,17
21025,60,17.23,1118.16,63056,25.79,628,4,42.78,OWN,home_improvement,17
18514,36,9.17,365.5,80532,28.3,825,18,25.3,MORTGAGE,debt_consolidation,17
23484,36,18.33,66.48,62706,14.04,603,3,61.22,RENT,debt_consolidation,15
26658,36,18.6,1031.59,110257,20.56,594,9,77.79,RENT,debt_consolidation,11
30267,60,26.7,1166.58,90272,26.16,698,8,59.7,OWN,credit_card,3
32433,60,26.09,187.87,54120,8.35,667,10,39.96,RENT,debt_consolidation,1
24833,36,19.87,50.14,48460,16.98,696,18,45.47,OWN,home_improvement,12
26510,36,27.01,486.36,78420,17.14,604,19,97.13,OWN,home_improvement,3
31581,36,5.6,549.49,78859,27.43,715,14,113.69,MORTGAGE,credit_card,1
26860,36,19.49,1173.11,43545,16.55,729,5,39.69,OWN,home_improvement,12
28323,60,22.14,264.26,102306,7.52,718,1,61.29,OWN,small_business,7
17977,60,27.15,1122.64,196604,4.54,781,14,64.23,MORTGAGE,credit_card,13
6753,60,23.65,268.64,172637,28.54,759,15,93.71,MORTGAGE,debt_consolidation,17
30759,60,18.88,810.98,137503,25.96,651,12,31.29,OWN,car,8
24816,60,27.47,976.96,45294,5.56,842,17,27.9,OWN,home_improvement,19
26122,36,23.19,241.22,115552,28.32,745,16,105.28,OWN,home_improvement,5
20675,36,5.9,663.68,64508,4.6,668,1,27.33,OWN,car,14
25394,60,25.36,693.87,31465,8.14,745,4,57.95,MORTGAGE,home_improvement,18
27312,36,13.06,245.88,125380,4.35,638,10,80.98,MORTGAGE,small_business,11
34997,60,22.21,408.22,196454,31.81,723,5,117.52,OWN,credit_card,15
19589,60,23.8,632.8,177481,11.85,821,17,41.23,MORTGAGE,small_business,10
25842,60,11.11,568.42,71538,15.86,810,18,26.15,OWN,home_improvement,4
19581,36,26.58,1138.34,172515,17.6,711,10,62.19,OWN,small_business,3
31523,36,27.13,1125.15,145074,9.48,693,19,33.87,MORTGAGE,credit_card,16
24953,60,25.59,1176.31,155830,33.1,594,10,48.67,MORTGAGE,small_business,12
23499,36,7.9,90.29,32008,17.53,716,7,57.84,MORTGAGE,home_improvement,1
33955,60,5.96,712.72,194933,29.87,812,17,42.88,RENT,small_business,18
28103,36,18.16,373.78,165969,30.01,742,13,59.72,RENT,small_business,16
17402,36,10.12,155.61,175942,25.63,750,17,92.71,MORTGAGE,debt_consolidation,15
11487,60,26.89,67.2,169714,13.76,650,13,82.69,RENT,home_improvement,4
6410,60,23.52,333.17,150301,2.54,626,7,17.14,OWN,small_business,7
29529,60,8.21,506.47,88326,12.7,827,15,113.32,RENT,credit_card,18
20975,36,16.74,376.8,176908,17.44,653,9,41.49,MORTGAGE,home_improvement,12
8311,60,18.26,483.14,138903,12.49,831,6,97.36,OWN,debt_consolidation,0
29677,60,21.12,872.66,197793,15.97,773,10,7.06,MORTGAGE,credit_card,19
14669,60,27.49,287.24,166284,30.4,772,4,60.28,OWN,debt_consolidation,11
2051,36,8.12,449.43,94944,20.88,746,18,119.03,RENT,credit_card,5
6590,60,18.99,1041.94,63162,33.35,832,2,1.58,OWN,credit_card,10
17390,36,15.07,438.03,122090,29.7,693,9,17.33,MORTGAGE,debt_consolidation,6
9181,36,23.02,84.57,193831,13.73,688,7,55.98,RENT,credit_card,19
26868,60,18.03,641.38,112438,13.3,698,13,78.31,MORTGAGE,small_business,17
29483,60,12.27,442.96,66678,1.44,656,15,72.03,MORTGAGE,home_improvement,9
3869,60,12.71,1051.81,179626,16.74,734,8,105.1,MORTGAGE,credit_card,1
18908,36,22.76,1116.78,108366,31.08,606,2,99.42,MORTGAGE,small_business,10
13265,36,16.68,318.26,25699,11.85,613,4,54.17,RENT,small_business,19
30648,36,9.15,230.07,142116,8.8,711,6,86.58,MORTGAGE,car,11
27390,60,14.4,792.68,47027,31.15,760,14,117.56,OWN,home_improvement,6
13342,36,14.85,593.41,102176,12.41,709,17,91.5,MORTGAGE,small_business,14
26235,60,12.67,432.45,108268,21.06,673,2,55.08,RENT,debt_consolidation,17
31499,36,22.14,237.17,48433,1.4,777,5,68.71,MORTGAGE,credit_card,7
17774,60,25.82,75.45,46564,1.71,657,14,115.58,OWN,credit_card,15
5727,60,20.73,327.28,79150,18.13,763,3,111.82,RENT,home_improvement,16
29273,36,14.32,1147.51,169479,19.61,635,19,104.21,RENT,small_business,5
25264,36,14.36,654.26,170957,21.63,619,4,5.63,MORTGAGE,car,18
27309,36,5.91,54.27,96992,7.13,740,18,35.7,MORTGAGE,home_improvement,7
8297,60,6.23,552.87,72169,27.56,735,19,105.39,MORTGAGE,small_business,3
15087,60,15.38,637.43,23972,12.79,819,9,38.75,OWN,home_improvement,10
20522,36,24.13,494.66,62120,22.76,782,11,51.45,OWN,small_business,18
20250,36,9.17,186.36,59840,21.33,776,2,12.09,RENT,home_improvement,18
5599,60,5.79,669.29,30485,12.15,842,12,45.23,MORTGAGE,credit_card,19
7816,60,23.19,511.97,120393,21.39,647,17,61.32,MORTGAGE,small_business,15
16216,60,27.19,1109.32,61989,33.48,810,12,79.43,RENT,debt_consolidation,2
13317,36,12.55,190.43,59384,2.65,580,18,77.15,OWN,home_improvement,1
26832,36,14.74,232.88,94674,34.32,654,10,12.66,MORTGAGE,credit_card,7
20692,36,6.04,945.01,169030,26.7,658,2,50.65,RENT,car,18
29327,60,18.05,381.85,21207,20.24,767,2,12.27,OWN,small_business,18
29247,60,15.01,876.6,28323,26.6,598,12,25.41,MORTGAGE,car,3
10497,36,9.43,336.91,178725,16.64,726,8,104.11,MORTGAGE,credit_card,14
17905,36,27.12,203.39,147942,29.47,734,15,52.79,RENT,credit_card,10
19449,60,23.29,352.7,44698,15.71,695,17,47.5,OWN,home_improvement,3
27035,36,21.5,805.24,36471,32.55,608,17,65.71,OWN,credit_card,1
26883,36,5.8,270.81,46999,21.97,599,2,84.93,RENT,debt_consolidation,16
33792,36,14.75,268.6,129626,12.7,610,6,110.9,OWN,small_business,8
7701,60,27.53,719.72,129828,21.82,790,12,104.64,OWN,debt_consolidation,12
23420,36,17.14,176.98,99874,15.91,591,17,95.45,MORTGAGE,debt_consolidation,0
18014,36,14.95,375.32,77219,30.37,811,8,70.06,MORTGAGE,small_business,4
22962,36,17.55,759.23,20093,6.87,825,8,113.5,RENT,credit_card,19
11922,60,7.85,340.14,122649,1.19,806,15,54.21,RENT,car,1
28527,36,16.0,694.56,62563,20.55,806,11,78.11,MORTGAGE,small_business,2
26931,60,9.45,1128.73,146075,34.5,621,14,37.78,MORTGAGE,home_improvement,13
2252,60,24.86,524.17,27472,19.73,656,7,60.45,OWN,car,8
14493,60,24.07,81.84,103394,31.46,585,6,106.0,OWN,credit_card,18
32273,36,23.99,179.44,198114,7.45,617,18,74.45,MORTGAGE,credit_card,10
30257,60,26.02,125.43,81720,30.17,737,17,50.8,RENT,car,5
3285,36,19.93,676.52,69966,12.54,738,10,80.55,RENT,car,6
19445,60,27.31,1068.92,26242,11.28,634,19,66.39,MORTGAGE,debt_consolidation,0
7469,36,27.99,705.18,133565,34.32,662,18,90.39,MORTGAGE,debt_consolidation,16
20956,36,26.97,481.24,69383,19.32,823,12,110.63,RENT,home_improvement,9
34709,36,7.31,1004.02,114754,17.97,774,14,81.43,MORTGAGE,debt_consolidation,19
1249,36,11.69,1074.78,37945,18.16,716,5,31.49,MORTGAGE,car,6
10996,60,10.25,428.49,130907,28.24,746,6,2.44,MORTGAGE,small_business,19
34204,60,15.12,1106.85,149549,3.07,768,9,118.38,RENT,credit_card,10
3113,36,6.07,906.34,28802,34.12,752,1,91.97,MORTGAGE,small_business,4
12410,36,19.6,166.54,172537,23.44,612,8,63.78,RENT,car,17
28886,36,14.62,179.62,105877,1.76,580,9,119.01,MORTGAGE,credit_card,4
34650,36,5.98,1197.98,43553,13.66,831,17,90.7,RENT,home_improvement,1
21354,60,11.94,172.59,144559,2.63,665,12,95.31,MORTGAGE,home_improvement,17
34455,36,21.0,639.02,53290,32.44,634,13,37.93,MORTGAGE,small_business,4
28766,36,17.98,1150.69,165537,24.99,736,16,54.88,MORTGAGE,debt_consolidation,11
16708,36,12.37,233.19,189108,20.67,736,10,3.23,MORTGAGE,small_business,19
27935,60,13.05,147.23,163477,14.38,688,1,24.69,RENT,small_business,15
19257,60,8.09,1115.45,29868,13.2,743,14,111.5,OWN,small_business,10
6592,36,6.88,467.17,103176,0.34,652,17,5.12,RENT,car,3
33123,60,16.09,959.68,186268,25.97,667,5,107.95,OWN,car,9
7229,60,12.47,1084.34,129928,29.63,624,2,69.68,RENT,home_improvement,7
30118,36,18.55,980.15,110016,7.82,652,16,65.97,OWN,credit_card,7
34434,60,14.68,385.18,23302,9.16,584,2,78.23,OWN,debt_consolidation,15
10852,60,8.34,886.35,106962,23.38,803,13,92.81,RENT,debt_consolidation,15
12556,36,16.76,351.89,56516,25.38,828,8,33.94,OWN,debt_consolidation,19
6319,36,9.18,1122.15,154495,15.37,651,11,17.44,MORTGAGE,home_improvement,4
24714,60,22.11,311.75,85997,14.15,731,1,37.92,RENT,small_business,12
12969,36,27.12,889.4,178596,2.01,793,2,11.59,MORTGAGE,home_improvement,1
28696,36,8.32,102.42,34954,1.69,666,15,58.2,RENT,small_business,18
13721,60,18.01,129.91,23846,29.42,616,9,32.72,RENT,car,13
26763,36,12.68,726.33,37139,31.53,694,14,56.52,MORTGAGE,car,19
23553,36,6.7,974.26,29642,19.25,697,13,69.99,MORTGAGE,credit_card,1
2828,60,27.59,257.72,25156,25.47,636,4,21.16,RENT,car,19
7773,36,23.75,384.62,114096,22.7,811,8,108.82,RENT,credit_card,12
30300,60,15.23,779.76,50173,6.9,638,7,83.41,MORTGAGE,debt_consolidation,15
32703,36,27.49,191.78,125251,3.73,824,12,86.07,RENT,debt_consolidation,5
24928,60,17.98,620.51,70764,13.91,717,19,9.86,RENT,home_improvement,1
22874,60,9.29,496.31,133827,18.24,795,13,4.17,MORTGAGE,home_improvement,17
8135,60,9.42,766.31,48530,18.85,631,16,44.18,OWN,small_business,2
28997,36,24.96,509.0,88095,8.16,708,2,25.33,RENT,home_improvement,12
31784,60,21.3,233.04,164571,9.78,718,13,46.97,MORTGAGE,car,15
19922,60,21.74,286.45,128400,16.29,766,19,47.94,RENT,car,1
7559,60,17.35,482.96,116161,24.25,603,7,35.13,OWN,small_business,3
29016,60,13.19,1158.34,21355,2.74,603,3,12.25,RENT,car,12
34933,36,6.51,688.22,153479,32.22,820,5,109.29,OWN,car,3
19642,60,11.96,209.57,65820,6.57,742,15,42.39,OWN,home_improvement,16
28540,36,23.69,1196.34,198453,22.34,745,11,114.03,MORTGAGE,small_business,10
13686,36,9.82,465.11,38059,20.29,721,5,103.23,OWN,small_business,17
13940,60,10.28,728.47,50796,25.41,782,4,84.98,OWN,debt_consolidation,0
18755,60,14.43,578.36,150834,33.21,653,1,50.51,MORTGAGE,car,12
1663,60,16.79,910.26,34063,11.94,589,9,1.93,OWN,home_improvement,6
15818,60,23.38,711.22,176462,34.45,594,2,37.2,OWN,small_business,13
14221,36,13.16,1118.75,102141,2.23,698,16,114.87,MORTGAGE,small_business,3
29931,36,7.07,723.27,36198,7.44,794,7,37.03,OWN,car,18
1726,36,8.67,109.23,111374,32.51,604,4,16.98,RENT,small_business,11
5145,36,27.59,1109.19,37408,19.48,763,7,25.26,RENT,debt_consolidation,11
7142,36,19.98,1112.13,138777,7.17,598,7,51.25,RENT,small_business,16
30411,36,10.53,412.33,56326,23.66,597,19,91.21,RENT,credit_card,10
11793,60,26.5,210.35,128947,15.98,648,16,6.94,RENT,small_business,7
7589,60,27.95,732.17,139123,9.84,654,11,97.23,MORTGAGE,home_improvement,17
11177,60,17.72,483.59,33416,18.46,838,5,39.61,OWN,debt_consolidation,6
2436,36,23.47,285.84,70557,1.17,731,12,47.98,RENT,car,19
17351,36,26.34,304.71,25585,30.76,607,12,62.13,RENT,small_business,3
12563,60,9.05,1174.32,142078,10.58,845,4,0.66,OWN,home_improvement,6
29182,60,16.11,424.71,154034,5.77,639,10,111.23,MORTGAGE,home_improvement,13
34598,60,8.35,1065.58,188620,25.37,659,8,34.3,OWN,small_business,2
24360,36,8.82,150.92,109782,28.96,599,5,56.87,MORTGAGE,car,2
20493,36,18.48,1078.43,164341,1.6,841,5,27.05,RENT,car,5
31140,60,27.62,512.68,89903,22.8,689,5,67.49,OWN,credit_card,2
14527,36,26.87,627.51,98673,34.46,785,6,41.94,MORTGAGE,credit_card,16
29430,36,24.46,254.02,195127,13.78,632,8,33.04,MORTGAGE,car,2
32980,36,14.06,575.36,55187,7.07,620,1,57.95,OWN,credit_card,15
32973,36,7.14,485.48,101115,12.82,650,16,76.12,RENT,car,1
24387,36,9.67,61.28,182246,27.44,633,9,117.3,RENT,home_improvement,18
15373,36,18.61,829.42,107154,2.58,777,11,27.21,RENT,debt_consolidation,8
1692,60,10.64,1036.18,34849,12.21,759,7,84.49,MORTGAGE,credit_card,4
4340,60,14.83,706.66,139635,19.35,758,16,29.38,MORTGAGE,credit_card,10
29552,36,18.1,1177.45,76400,13.79,702,4,105.61,MORTGAGE,car,10
18130,36,8.53,355.76,101313,3.52,653,3,58.23,OWN,debt_consolidation,13
24040,60,14.38,396.45,144878,22.28,634,16,18.46,OWN,home_improvement,0
33651,60,25.42,442.29,178063,32.87,645,6,40.48,MORTGAGE,home_improvement,12
23092,60,9.05,852.88,31289,4.41,612,12,80.55,RENT,debt_consolidation,0
7317,36,6.74,527.7,100773,25.24,697,18,46.19,OWN,debt_consolidation,16
15437,60,9.18,391.57,178491,22.54,634,2,93.17,RENT,credit_card,13
9549,60,20.95,313.56,134527,13.66,740,6,92.46,OWN,home_improvement,5
1191,36,19.98,667.33,179087,6.39,817,7,61.87,RENT,home_improvement,9
25846,36,18.07,646.08,73570,19.43,599,19,32.49,OWN,small_business,9
26500,36,27.23,178.49,54723,13.74,843,14,16.29,RENT,small_business,1
11988,36,10.24,357.26,175126,20.7,833,15,58.07,OWN,car,19
28306,60,11.86,362.62,37645,27.37,647,11,59.45,MORTGAGE,debt_consolidation,17
11503,60,27.3,430.87,60185,8.33,697,13,79.81,RENT,debt_consolidation,0
30432,60,18.86,525.66,29903,31.24,809,17,117.61,OWN,credit_card,16
25306,60,20.35,500.96,31369,24.16,643,1,88.52,OWN,home_improvement,14
14718,36,22.12,1065.05,110860,6.13,687,16,110.36,OWN,small_business,6
28425,36,7.9,748.42,20599,31.72,629,7,21.4,RENT,small_business,12
19748,36,12.66,285.65,189511,34.02,844,10,70.42,MORTGAGE,car,9
25826,36,22.96,1091.41,22482,30.22,764,3,36.0,RENT,credit_card,7
11886,36,24.9,1107.14,96593,0.16,760,14,15.33,RENT,home_improvement,17
33323,60,8.82,1027.13,74986,15.4,675,9,61.95,MORTGAGE,credit_card,17
14234,60,7.28,186.67,34674,1.98,648,16,25.17,MORTGAGE,home_improvement,0
29557,36,11.38,406.39,89616,10.89,635,18,77.06,MORTGAGE,credit_card,11
9286,60,17.86,81.03,186823,7.16,584,9,113.91,RENT,credit_card,10
16151,36,27.0,758.74,191361,32.37,628,6,90.24,MORTGAGE,home_improvement,10
22918,60,21.32,799.57,46866,21.41,702,7,24.45,OWN,small_business,6
33293,60,11.59,387.26,184857,0.55,731,7,62.28,RENT,debt_consolidation,5
25770,36,12.31,1035.1,101292,27.84,619,18,52.63,MORTGAGE,car,15
26351,60,25.36,239.59,141624,22.82,715,6,100.53,OWN,credit_card,4
9263,60,17.42,495.35,187696,24.04,823,3,69.77,OWN,credit_card,18
9783,60,11.98,762.0,43426,13.56,733,8,20.18,OWN,home_improvement,19
21288,36,11.15,743.79,157449,4.46,683,16,114.06,MORTGAGE,home_improvement,15
20576,60,20.09,50.74,65309,21.53,594,10,90.69,RENT,small_business,11
21093,60,19.41,194.71,70382,13.91,582,17,67.75,RENT,credit_card,13
7953,36,10.96,841.25,66335,17.64,689,11,100.6,RENT,credit_card,14
20071,60,22.34,480.62,189461,13.39,717,3,73.94,OWN,home_improvement,9
25729,60,8.76,268.09,66642,18.05,799,6,28.6,MORTGAGE,small_business,8
2167,60,9.38,197.26,155121,4.73,640,7,65.91,RENT,home_improvement,1
14568,36,22.3,626.82,114852,1.1,634,15,31.74,RENT,small_business,5
2001,36,21.16,256.75,104693,16.34,733,4,5.6,MORTGAGE,small_business,15
15330,60,27.08,944.59,83948,23.44,599,19,36.09,RENT,small_business,0
12984,60,26.45,296.49,185888,18.5,747,4,3.29,RENT,car,0
12889,36,19.2,623.84,139272,12.48,644,11,106.26,RENT,credit_card,0
5133,36,13.76,522.28,185780,20.48,723,4,32.84,RENT,credit_card,6
18740,60,8.16,515.63,108762,23.4,774,3,5.95,OWN,debt_consolidation,13
5853,36,11.2,793.6,194706,2.85,793,19,88.32,OWN,home_improvement,7
1145,36,17.33,959.37,141843,23.63,767,9,18.42,OWN,debt_consolidation,4
23366,60,24.48,282.62,172088,30.08,768,12,46.58,MORTGAGE,small_business,18
3257,60,10.05,315.92,46859,0.51,650,10,95.15,MORTGAGE,car,9
10127,36,27.22,898.6,36490,2.86,644,12,42.82,OWN,credit_card,1
17748,60,24.07,695.92,87238,13.81,817,6,87.15,RENT,small_business,4
11258,36,7.72,712.01,198674,15.25,823,13,15.08,MORTGAGE,car,16
1446,36,16.88,884.15,113766,9.64,746,17,34.22,RENT,credit_card,0
34872,36,11.95,458.6,185127,21.18,601,19,23.91,OWN,debt_consolidation,6
21674,60,14.89,564.63,34783,30.09,623,19,80.83,RENT,credit_card,3
4750,36,6.63,1136.0,144240,18.06,792,13,106.23,RENT,small_business,19
29865,60,12.49,829.6,39637,18.22,587,16,56.43,MORTGAGE,small_business,8
27790,36,8.7,653.82,147718,14.23,622,1,112.7,RENT,car,0
16848,60,21.35,255.54,171182,31.34,789,18,68.27,RENT,car,1
20584,36,13.47,573.35,31612,13.69,814,15,116.44,MORTGAGE,small_business,4
16328,36,21.6,1065.01,193631,13.77,828,19,1.83,RENT,home_improvement,9
17514,36,22.7,859.65,172531,0.0,720,14,40.92,MORTGAGE,home_improvement,16
20128,36,24.05,663.84,52784,4.54,749,1,111.21,OWN,car,17
12528,60,8.87,949.12,120631,7.32,707,9,28.17,OWN,car,3
20296,36,21.48,389.51,117143,23.29,724,10,61.3,MORTGAGE,small_business,18
8156,36,14.98,1061.06,167174,7.83,655,4,117.14,RENT,car,1
5956,36,14.85,677.1,94089,3.18,672,13,115.3,RENT,small_business,10
7031,36,26.69,343.38,66779,12.55,736,5,112.32,MORTGAGE,small_business,18
13427,36,18.3,941.1,151869,4.88,696,9,34.25,MORTGAGE,home_improvement,15
10650,60,9.56,103.93,47546,2.54,679,9,4.02,MORTGAGE,home_improvement,11
27370,60,17.11,501.26,63382,19.53,708,15,77.26,MORTGAGE,credit_card,17
30077,36,25.96,362.72,116462,23.87,707,6,40.48,RENT,small_business,5
21281,36,24.8,657.02,125190,8.7,787,2,7.8,OWN,credit_card,9
21119,36,25.5,659.72,34852,20.06,674,9,90.04,RENT,small_business,13
17998,36,12.35,623.83,78896,24.19,733,8,3.77,RENT,small_business,19
5806,36,6.07,481.83,26066,28.22,668,13,31.28,RENT,small_business,9
11181,60,17.01,480.87,189985,13.46,733,4,25.06,MORTGAGE,small_business,0
11954,36,23.16,560.3,169769,19.39,697,13,117.2,MORTGAGE,car,5
28345,36,7.27,195.03,157746,31.97,624,6,71.5,OWN,car,13
19070,36,11.21,588.45,127942,13.77,582,19,7.24,OWN,car,8
25504,60,23.85,1003.83,102404,1.51,825,19,57.19,OWN,debt_consolidation,14
34783,36,15.67,537.77,85317,29.53,833,17,106.12,MORTGAGE,credit_card,10
22545,36,11.63,1022.98,181778,18.58,659,3,9.09,MORTGAGE,car,19
9601,60,5.7,171.11,54422,5.18,801,3,48.83,RENT,home_improvement,8
19658,60,8.4,1181.05,49402,20.1,772,7,31.66,MORTGAGE,debt_consolidation,3
6801,60,27.14,391.54,124531,24.02,650,17,89.05,MORTGAGE,home_improvement,19
18275,36,15.06,164.61,145468,19.03,760,18,106.39,MORTGAGE,car,14
25063,36,27.45,705.93,105621,17.82,746,19,33.74,RENT,small_business,12
5666,36,19.34,515.63,107972,15.02,795,6,5.86,RENT,debt_consolidation,13
2267,36,7.29,128.78,81262,32.74,721,7,84.84,RENT,credit_card,19
10847,60,23.29,468.09,175561,6.1,758,4,16.21,RENT,credit_card,9
25535,36,21.18,472.15,93606,30.71,803,2,118.41,RENT,car,3
24377,60,12.83,515.15,110287,10.25,798,8,63.28,RENT,small_business,10
33913,60,7.71,468.67,55411,15.2,732,16,59.21,OWN,home_improvement,8
3159,60,15.84,915.22,102946,5.27,602,19,79.09,OWN,car,7
17018,60,13.58,362.79,118550,11.24,842,7,102.78,RENT,debt_consolidation,16
32463,60,9.11,953.03,153496,16.03,645,6,84.4,MORTGAGE,home_improvement,0
12001,60,17.64,443.11,199194,20.77,722,12,30.57,MORTGAGE,car,16
22164,60,27.34,856.07,23960,33.59,759,14,62.0,MORTGAGE,car,17
33781,60,27.12,646.31,122148,13.35,732,13,100.36,MORTGAGE,home_improvement,4
30398,36,24.32,800.2,141410,26.85,789,17,44.68,OWN,debt_consolidation,14
8812,36,23.34,414.47,68429,23.4,798,6,25.94,RENT,car,13
33581,36,12.81,234.09,110254,0.38,709,14,50.91,MORTGAGE,home_improvement,17
33698,36,9.74,1142.64,20552,14.8,668,8,0.63,MORTGAGE,debt_consolidation,1
30492,36,24.37,1025.92,76492,22.32,588,12,41.26,OWN,small_business,9
12246,60,21.77,333.49,111908,33.91,663,19,34.36,OWN,credit_card,0
33184,60,17.5,574.48,110470,27.14,589,1,91.01,MORTGAGE,car,3
13984,60,18.24,260.93,50741,34.56,826,18,55.45,OWN,car,5
6755,60,25.31,708.8,50246,9.29,623,3,44.07,OWN,small_business,3
28772,60,7.69,393.15,138684,30.08,762,12,61.99,MORTGAGE,credit_card,12
29054,36,13.79,66.2,92089,12.05,792,3,44.17,RENT,car,8
30189,60,10.08,273.64,183616,11.39,684,11,66.7,RENT,debt_consolidation,7
31826,60,23.85,485.88,57210,24.77,613,19,61.95,RENT,debt_consolidation,7
3914,60,24.44,1057.44,66873,28.51,791,6,74.95,RENT,debt_consolidation,7
26525,36,6.85,622.87,35930,30.65,620,7,119.65,OWN,debt_consolidation,3
31449,60,25.25,64.65,46649,10.04,741,18,86.25,MORTGAGE,car,15
29687,60,9.37,552.89,193403,23.86,711,4,61.85,OWN,debt_consolidation,11
18833,36,22.72,309.08,34864,8.26,644,15,91.98,OWN,small_business,13
25089,36,15.09,221.09,29515,30.64,663,14,11.72,MORTGAGE,home_improvement,5
33254,36,27.14,772.97,77450,29.39,839,7,107.56,OWN,small_business,4
33551,36,16.72,65.08,72340,34.71,783,19,44.45,OWN,car,3
25277,60,11.28,743.81,61684,28.1,679,8,4.95,OWN,home_improvement,15
8069,36,20.28,703.46,155197,18.61,632,7,81.07,RENT,credit_card,6
3092,60,10.77,707.62,133610,11.99,826,12,100.98,RENT,credit_card,9
6722,60,21.77,757.62,127697,10.46,593,12,84.91,OWN,debt_consolidation,13
2577,36,22.44,230.65,138222,30.91,633,10,20.27,OWN,small_business,9
31949,60,5.96,483.59,48022,21.75,844,4,35.31,RENT,debt_consolidation,17
33049,36,13.66,1195.22,74232,23.88,736,7,65.71,RENT,debt_consolidation,4
10903,36,24.64,848.18,117932,5.03,660,16,74.91,MORTGAGE,credit_card,17
28586,60,21.57,358.93,124249,27.64,601,4,29.28,MORTGAGE,car,13
21827,36,27.41,260.79,119637,25.85,731,12,83.84,MORTGAGE,home_improvement,17
32555,60,7.49,415.03,40100,10.88,830,11,68.18,OWN,car,16
17725,36,23.74,148.31,44520,18.53,774,2,57.84,OWN,credit_card,14
28266,60,9.89,846.7,117858,31.5,821,9,81.2,MORTGAGE,debt_consolidation,7
31403,36,7.65,493.38,102209,28.17,692,10,22.43,RENT,home_improvement,0
5234,36,6.0,852.15,36396,27.71,763,1,109.01,RENT,debt_consolidation,8
14794,36,11.03,776.67,92353,33.69,705,11,57.14,RENT,car,15
18625,36,9.32,373.12,46209,7.83,632,6,97.5,MORTGAGE,credit_card,19
22029,36,26.29,1068.58,24398,24.74,766,14,100.14,OWN,debt_consolidation,13
22259,36,8.47,659.7,92209,22.07,732,11,117.27,MORTGAGE,small_business,16
13497,60,14.52,1110.13,190971,19.01,727,1,98.65,MORTGAGE,home_improvement,4
15011,36,13.23,814.19,77203,4.54,672,7,52.16,OWN,credit_card,17
18015,60,7.49,940.12,145799,4.17,709,12,68.17,MORTGAGE,credit_card,2
16972,60,12.24,624.89,116791,34.17,812,16,83.71,OWN,small_business,5
33284,36,22.45,460.06,133329,16.32,811,7,90.68,RENT,car,17
18027,36,7.4,223.67,197948,14.67,827,16,103.12,OWN,small_business,13
32308,36,18.41,630.52,129982,14.32,747,11,104.78,MORTGAGE,debt_consolidation,19
21538,60,22.67,572.68,194159,31.51,676,15,34.43,RENT,debt_consolidation,5
16086,60,21.8,50.2,75652,18.66,607,4,2.87,RENT,small_business,8
21456,60,11.78,362.13,167065,18.09,617,18,31.56,RENT,home_improvement,10
23168,60,18.66,577.67,189808,0.24,642,18,119.04,RENT,debt_consolidation,5
17964,60,13.85,148.29,145664,10.58,783,16,98.46,RENT,car,0
16881,36,12.24,913.45,117391,28.58,707,12,60.95,OWN,home_improvement,0
9308,36,13.2,1084.86,139847,3.17,628,8,39.31,MORTGAGE,debt_consolidation,11
16166,60,15.24,1150.65,138409,9.06,632,17,10.88,MORTGAGE,home_improvement,11
20360,60,9.73,1126.04,26918,16.46,740,15,76.59,MORTGAGE,small_business,13
11238,60,13.7,391.43,154599,30.95,735,1,3.32,MORTGAGE,credit_card,5
15536,60,17.8,309.54,65474,5.63,678,2,27.29,RENT,small_business,9
20037,36,10.62,142.07,159355,32.19,654,8,95.75,OWN,car,3
6313,36,20.9,380.71,153090,15.88,823,2,96.39,MORTGAGE,small_business,7
2636,60,13.34,834.15,166889,9.02,632,16,104.76,OWN,small_business,19
21022,60,15.12,312.29,74890,29.0,805,7,93.2,OWN,car,2
4943,60,24.06,295.98,88972,32.27,798,18,84.76,MORTGAGE,debt_consolidation,5
31266,36,5.93,1156.21,96752,0.21,669,16,34.95,RENT,small_business,18
13924,36,21.46,652.42,147668,9.84,733,1,70.63,MORTGAGE,credit_card,12
18905,36,17.22,121.79,189645,24.07,738,17,42.93,OWN,credit_card,13
29671,36,11.49,366.55,63050,7.77,603,12,102.05,OWN,car,12
32860,60,25.46,305.2,99804,23.83,846,14,67.41,MORTGAGE,credit_card,7
7439,36,16.75,978.81,191977,11.06,637,6,101.97,RENT,small_business,14
12254,36,20.01,800.74,188115,18.62,658,16,38.06,MORTGAGE,car,5
15252,36,19.04,452.28,130137,20.3,740,2,3.89,MORTGAGE,small_business,9
7691,36,8.97,1193.44,80216,12.61,588,3,83.5,MORTGAGE,home_improvement,6
30124,36,27.95,769.39,31654,27.98,699,16,32.94,RENT,home_improvement,19
1406,36,19.76,724.34,113767,34.74,764,2,6.29,OWN,small_business,9
15506,36,15.44,1052.61,59705,31.26,844,3,101.53,OWN,credit_card,16
6498,36,27.36,759.44,96489,28.95,819,11,17.72,RENT,credit_card,9
19753,36,24.65,518.67,173010,29.4,672,17,63.86,RENT,home_improvement,11
22045,60,10.67,851.87,129079,1.22,585,2,95.18,MORTGAGE,home_improvement,2
27337,60,26.37,539.32,105702,15.87,756,8,75.61,OWN,credit_card,2
34340,60,19.09,725.08,34003,27.87,823,15,24.89,OWN,credit_card,2
14057,60,19.92,935.06,104482,11.37,606,7,89.04,RENT,small_business,19
12382,36,12.13,453.97,180152,0.09,622,14,57.25,OWN,car,9
27460,60,25.77,303.01,72822,12.3,791,19,98.41,RENT,home_improvement,17
12569,36,25.45,1058.46,131738,24.4,800,8,76.08,OWN,small_business,13
23449,36,26.86,291.84,187905,8.45,706,8,112.47,RENT,debt_consolidation,3
10168,36,15.01,295.11,143476,15.2,756,15,31.31,MORTGAGE,credit_card,14
30430,36,21.51,449.65,107181,22.06,702,4,0.06,RENT,credit_card,0
18359,60,5.73,525.74,139688,10.81,605,13,52.88,RENT,credit_card,11
20457,60,26.37,947.19,85896,14.18,601,18,55.7,OWN,debt_consolidation,1
24569,60,27.86,423.18,23709,21.86,642,13,27.45,RENT,debt_consolidation,18
13625,36,24.7,957.09,98405,18.16,744,17,106.77,OWN,small_business,13
13688,60,8.89,783.27,120282,20.25,734,2,0.66,OWN,debt_consolidation,5
27745,36,7.29,716.4,85375,20.4,834,17,42.4,OWN,debt_consolidation,16
12516,36,11.45,376.76,21785,1.89,717,4,72.53,RENT,car,11
9275,36,25.63,467.06,21365,21.24,750,10,0.74,OWN,home_improvement,11
27657,60,14.84,753.22,146616,30.82,595,9,103.98,RENT,small_business,11
11699,60,21.86,292.06,181057,34.45,753,3,34.49,OWN,credit_card,11
15868,60,10.63,69.72,155938,17.64,627,13,58.49,MORTGAGE,credit_card,16
11728,36,14.56,438.94,122305,29.55,724,8,118.27,MORTGAGE,home_improvement,15
10615,60,22.58,749.11,173260,33.03,740,12,67.23,OWN,home_improvement,8
12440,36,14.53,768.78,59651,13.45,681,19,33.85,RENT,home_improvement,18
24464,60,6.27,332.94,74936,24.64,707,13,112.62,RENT,home_improvement,15
31445,36,6.58,499.51,98701,3.31,613,8,31.38,OWN,home_improvement,0
12372,60,18.26,903.99,167162,13.64,733,15,76.03,RENT,debt_consolidation,8
26530,60,14.83,390.47,150263,30.16,609,7,7.14,MORTGAGE,small_business,8
26372,60,10.62,604.84,63780,18.06,731,11,95.87,OWN,small_business,13
8352,36,11.61,1153.64,108373,31.09,726,17,32.57,OWN,small_business,4
26851,60,23.54,286.58,36385,22.43,605,4,63.28,RENT,home_improvement,12
24275,60,15.32,792.44,41169,26.18,708,19,117.33,RENT,home_improvement,13
5319,36,11.78,432.84,64782,1.11,809,8,83.33,MORTGAGE,home_improvement,5
30227,36,14.73,824.77,109932,5.95,844,10,78.04,RENT,credit_card,9
18302,60,27.61,1052.66,128407,19.05,835,17,18.92,OWN,car,4
19691,36,13.65,232.15,170390,5.08,585,8,31.6,OWN,debt_consolidation,19
6051,36,24.6,882.88,175613,32.94,822,11,15.24,OWN,credit_card,4
2252,60,17.67,295.52,104463,23.08,791,5,53.87,OWN,home_improvement,12
29625,60,15.58,205.87,66576,2.15,803,9,10.11,RENT,home_improvement,18
27990,60,9.53,471.13,186449,28.28,805,4,22.31,OWN,car,19
15562,60,25.59,571.89,70135,25.15,644,1,17.03,RENT,small_business,5
30327,36,23.12,979.31,79175,1.68,782,4,1.97,OWN,debt_consolidation,17
30781,60,11.28,88.65,128025,21.88,585,6,75.83,MORTGAGE,debt_consolidation,19
10067,60,16.01,321.31,184452,2.33,643,7,92.72,RENT,home_improvement,0
14380,60,22.61,566.9,196666,23.13,806,16,98.65,RENT,car,3
26537,36,15.68,541.75,98348,0.73,677,4,35.57,MORTGAGE,small_business,12
16960,36,27.45,775.37,150014,2.76,667,13,61.87,OWN,credit_card,10
8421,60,15.67,1089.49,119317,27.36,636,8,99.63,MORTGAGE,home_improvement,11
17389,60,27.3,1003.91,38837,0.61,825,10,48.93,OWN,home_improvement,5
21195,60,20.02,435.46,64630,24.41,679,19,65.69,OWN,home_improvement,6
5967,60,10.27,69.66,194335,2.79,622,12,2.67,MORTGAGE,credit_card,2
11230,36,21.96,621.99,105293,6.71,831,14,4.13,RENT,debt_consolidation,3
5835,36,23.23,347.56,102888,30.0,848,5,55.99,MORTGAGE,car,16
32497,60,18.16,380.05,179852,10.99,655,16,41.7,MORTGAGE,home_improvement,2
15039,36,7.7,802.83,177889,21.94,762,17,74.33,MORTGAGE,home_improvement,2
10627,36,19.36,78.42,87296,8.2,801,14,99.93,OWN,debt_consolidation,6
31154,36,12.5,148.96,141792,10.04,618,15,56.61,MORTGAGE,home_improvement,4
32705,36,22.01,126.19,118330,0.4,724,16,94.65,OWN,car,19
1784,60,9.68,513.72,49756,9.49,826,5,21.3,MORTGAGE,car,3
28935,36,9.53,250.61,78900,15.47,644,7,26.23,OWN,small_business,1
5492,36,11.59,559.44,42474,9.75,651,13,40.19,RENT,home_improvement,19
16735,60,14.26,721.85,122341,22.73,836,9,114.65,OWN,small_business,11
21095,36,25.47,628.88,148651,25.59,746,6,16.66,OWN,car,9
15567,60,23.23,1039.56,142418,14.37,809,5,40.38,OWN,credit_card,3
15537,60,21.27,356.43,114786,29.73,591,3,84.39,OWN,debt_consolidation,3
16935,60,22.43,226.12,36029,9.5,794,9,46.19,MORTGAGE,debt_consolidation,9
7397,36,11.41,1006.65,159628,0.31,818,4,108.29,RENT,credit_card,8
7009,60,18.92,65.47,49136,29.67,770,19,6.9,OWN,car,3
17193,60,7.82,752.62,23909,19.33,753,16,6.96,MORTGAGE,car,4
26520,36,9.11,113.88,94090,27.84,599,5,45.27,RENT,car,5
33591,60,6.09,99.38,115933,14.28,827,5,0.88,OWN,credit_card,14
16996,60,22.71,1091.66,109179,11.5,685,10,33.64,OWN,credit_card,4
21039,60,26.48,618.09,65176,19.49,800,12,68.47,MORTGAGE,debt_consolidation,15
7040,36,8.14,871.77,81083,25.3,679,18,82.62,OWN,credit_card,3
20595,60,6.63,866.27,183765,13.07,687,2,66.67,MORTGAGE,credit_card,11
9386,36,12.72,1179.71,81993,9.14,727,15,7.54,RENT,small_business,9
29202,60,12.92,950.53,104698,8.33,625,4,108.18,MORTGAGE,debt_consolidation,14
4330,60,8.39,177.31,70117,7.6,599,12,87.0,OWN,credit_card,2
26027,60,12.17,579.68,81314,17.6,688,8,69.61,OWN,home_improvement,1
20256,36,14.85,163.87,138751,22.56,809,8,51.33,RENT,credit_card,7
13666,36,25.02,1078.09,193149,11.68,639,14,116.77,RENT,credit_card,0
6448,60,24.67,281.92,189565,0.93,767,19,106.36,RENT,small_business,11
4630,60,12.67,934.07,116913,5.67,716,2,59.97,RENT,small_business,17
2622,60,25.19,1090.01,130648,2.06,752,2,61.4,RENT,small_business,4
30943,36,11.2,1047.09,29676,3.71,586,9,43.0,RENT,debt_consolidation,6
20840,60,7.37,120.92,30739,0.13,640,14,113.62,RENT,small_business,4
25338,36,11.51,491.65,143207,19.69,700,12,31.3,OWN,car,4
5495,36,23.26,1102.83,117330,21.79,808,17,115.43,MORTGAGE,small_business,17
27512,60,26.15,211.95,94174,16.17,676,18,31.41,OWN,car,14
9881,60,18.63,130.1,127055,28.27,685,4,62.53,RENT,car,5
21908,36,25.0,903.82,145740,24.28,665,12,93.94,RENT,credit_card,14
32653,60,14.64,625.99,167680,10.35,592,9,119.08,MORTGAGE,home_improvement,9
2734,60,8.11,844.12,171714,29.62,809,19,40.47,RENT,car,5
1851,36,16.14,862.04,145401,18.83,806,3,7.52,MORTGAGE,car,19
30721,60,14.86,390.51,194115,30.21,818,16,0.52,RENT,car,13
18632,60,25.58,668.5,146190,2.97,636,6,31.11,OWN,small_business,19
29386,60,23.57,771.39,130047,24.36,809,17,56.39,RENT,credit_card,4
34595,36,12.95,165.64,183277,1.64,780,7,108.13,OWN,credit_card,17
9533,60,17.36,494.05,143978,32.07,694,10,60.58,RENT,car,15
24561,60,26.43,562.61,169607,12.83,735,15,37.96,OWN,home_improvement,8
14668,60,20.32,679.39,198217,33.03,638,4,51.76,MORTGAGE,credit_card,0
6741,36,18.03,425.47,155258,22.26,793,9,70.61,MORTGAGE,small_business,18
33097,36,11.63,430.5,52175,20.52,823,5,36.81,RENT,home_improvement,18
7565,36,24.47,1023.64,38409,23.47,715,3,71.06,RENT,credit_card,19
9329,60,13.53,969.53,29542,23.94,648,6,67.13,RENT,car,10
26711,60,11.78,777.69,169637,34.09,710,13,42.14,MORTGAGE,car,8
11787,36,8.76,287.58,130736,19.69,736,9,30.18,RENT,home_improvement,7
10007,36,11.12,79.14,105062,29.14,663,5,66.35,RENT,debt_consolidation,8
33703,36,12.82,258.04,195862,14.29,706,6,41.27,MORTGAGE,small_business,10
22057,60,10.51,135.81,159819,14.51,721,12,98.34,RENT,small_business,17
20601,36,15.35,912.32,172935,25.47,760,11,34.51,MORTGAGE,small_business,18
24486,36,14.88,668.09,92852,0.77,584,16,100.58,OWN,small_business,13
13275,60,17.54,649.27,135070,15.79,690,12,23.07,OWN,car,17
12577,36,7.28,830.74,23255,18.57,703,17,44.83,OWN,credit_card,4
12590,36,10.46,724.15,116682,34.87,631,19,91.37,OWN,small_business,9
27347,60,15.18,164.73,82977,25.94,711,16,59.35,RENT,car,3
34654,60,16.81,130.08,178385,5.38,791,3,104.57,OWN,debt_consolidation,12
3139,36,19.68,890.11,167623,13.25,805,8,102.57,OWN,home_improvement,12
29021,60,24.43,348.71,113196,18.35,763,9,6.54,OWN,credit_card,19
6696,36,11.85,147.05,113513,16.59,794,1,116.08,RENT,debt_consolidation,14
30179,60,23.42,1075.66,182054,31.65,665,10,60.41,OWN,small_business,7
17103,60,22.97,720.3,143296,10.43,660,17,101.78,MORTGAGE,credit_card,0
7089,36,18.5,667.44,87002,34.03,825,10,47.66,MORTGAGE,small_business,18
18924,60,23.41,960.76,174301,10.59,732,11,91.12,OWN,debt_consolidation,16
2481,60,16.09,216.09,162223,5.08,675,3,102.09,MORTGAGE,car,8
31257,60,15.23,157.68,60452,30.25,663,5,2.61,MORTGAGE,car,0
19800,36,5.53,667.56,160642,3.76,664,12,3.97,RENT,credit_card,7
2132,36,24.38,466.83,188661,21.0,600,8,35.04,MORTGAGE,home_improvement,18
6949,36,24.23,377.93,86533,24.49,686,19,76.79,OWN,debt_consolidation,5
33535,36,16.91,418.68,33613,23.81,598,19,34.5,MORTGAGE,home_improvement,18
6842,60,6.22,121.69,111310,20.58,799,9,53.24,MORTGAGE,debt_consolidation,4
1619,60,15.89,452.31,52187,7.75,692,5,102.89,RENT,small_business,6
18773,60,8.1,1084.88,46998,32.28,587,13,60.3,RENT,small_business,4
12085,36,21.79,1146.17,197933,0.25,590,10,74.54,MORTGAGE,debt_consolidation,19
26470,60,18.78,93.21,138981,9.67,715,2,20.75,RENT,small_business,19
4764,60,6.62,133.76,191566,10.05,620,10,73.81,MORTGAGE,debt_consolidation,6
12954,60,6.77,895.46,133209,25.24,612,10,104.21,RENT,car,14
9820,36,20.63,699.57,81429,31.6,769,15,101.26,OWN,small_business,14
33443,60,18.56,1149.71,113650,32.86,847,6,44.2,MORTGAGE,car,8
32086,60,17.17,519.47,105330,19.4,751,2,63.56,MORTGAGE,small_business,5
26963,36,17.71,1126.48,37744,21.54,656,15,105.4,OWN,debt_consolidation,0
20642,60,26.67,264.5,133682,34.36,646,12,109.63,OWN,credit_card,10
5431,36,17.24,546.86,154123,24.37,672,14,73.82,RENT,car,6
20630,60,25.04,323.49,26709,30.72,725,10,62.03,MORTGAGE,debt_consolidation,7
12707,36,26.85,179.31,76035,16.39,738,2,76.85,OWN,home_improvement,18
27478,60,13.71,383.92,98554,15.83,763,5,51.77,OWN,car,7
24408,36,26.5,542.59,112816,33.26,679,1,76.31,MORTGAGE,car,4
26522,60,25.2,580.46,53556,0.77,749,9,54.38,MORTGAGE,credit_card,8
32463,36,17.35,217.53,100987,24.26,717,3,43.98,OWN,small_business,5
9472,60,19.06,791.91,58221,10.65,635,5,91.2,RENT,small_business,16
13039,60,27.08,1080.66,187021,26.0,672,4,119.61,RENT,car,8
30783,36,27.29,85.96,144345,12.19,581,9,18.87,MORTGAGE,small_business,17
3773,60,12.18,1146.04,115625,10.27,782,14,115.65,MORTGAGE,small_business,7
30299,36,24.26,532.71,189660,16.31,736,4,77.65,OWN,debt_consolidation,10
24803,60,6.75,1103.34,99833,8.96,748,2,89.43,OWN,small_business,5
24481,36,14.42,1022.08,61253,14.04,838,19,42.35,MORTGAGE,car,8
11576,36,16.08,531.57,48812,31.38,762,2,31.23,RENT,car,2
6668,60,12.48,898.89,76714,2.58,597,6,42.9,OWN,debt_consolidation,7
30222,36,23.73,366.45,167277,7.08,685,4,78.96,RENT,credit_card,4
14828,36,13.91,293.23,80117,4.69,788,15,64.67,OWN,small_business,17
3887,60,9.02,770.97,140127,14.26,808,11,91.68,MORTGAGE,car,0
12618,36,8.35,1160.38,136342,19.5,663,4,48.27,OWN,credit_card,14
24852,36,22.31,1043.73,28048,10.81,704,10,38.61,RENT,credit_card,9
10860,36,9.7,481.06,102341,10.88,757,10,13.49,MORTGAGE,small_business,12
2079,36,15.86,722.12,116776,23.91,782,11,84.59,OWN,home_improvement,16
15282,36,27.14,332.83,150682,29.51,708,2,59.86,MORTGAGE,small_business,0
16960,36,11.73,795.3,145298,19.86,784,12,113.16,RENT,home_improvement,12
31527,36,23.74,412.49,76994,10.78,648,10,72.59,MORTGAGE,home_improvement,10
25327,60,23.72,478.87,103445,26.45,631,7,103.27,OWN,credit_card,6
29411,36,8.01,429.9,162432,34.9,596,9,105.34,RENT,small_business,1
32923,36,5.75,225.11,91744,18.24,701,9,5.38,RENT,credit_card,18
2855,36,18.3,479.55,153918,7.27,721,15,17.57,OWN,car,15
19024,60,16.08,804.08,32155,27.9,653,10,32.64,MORTGAGE,car,5
15407,60,15.54,522.07,130969,25.96,668,18,35.44,MORTGAGE,home_improvement,6
11637,60,24.36,797.66,36410,17.18,731,2,65.56,OWN,small_business,1
28518,36,19.39,1063.79,108560,25.06,805,1,18.47,OWN,home_improvement,19
21884,36,14.74,762.03,164245,9.02,685,16,87.32,RENT,debt_consolidation,17
19777,60,27.65,660.96,123558,24.2,715,1,66.3,MORTGAGE,home_improvement,8
28056,60,6.59,227.36,177580,19.07,770,18,91.76,MORTGAGE,small_business,3
6307,36,17.31,189.38,104147,21.4,790,10,45.57,OWN,car,1
10337,60,18.49,393.44,179012,25.57,826,11,23.05,RENT,credit_card,4
24854,60,26.34,720.02,164764,15.08,677,15,35.72,OWN,debt_consolidation,6
2908,60,12.77,458.87,137139,6.56,760,12,51.45,OWN,small_business,12
2960,36,24.03,333.33,83853,20.81,668,2,40.53,OWN,small_business,15
7371,36,21.5,807.53,29718,22.81,708,3,56.3,RENT,small_business,15
33821,36,9.69,848.65,108499,31.56,763,3,64.09,RENT,home_improvement,8
25611,60,6.89,989.34,71055,19.68,841,4,79.2,MORTGAGE,small_business,8
11561,36,19.53,717.49,125317,4.62,756,11,119.22,OWN,credit_card,13
21491,36,8.78,600.88,166051,3.07,830,11,108.57,RENT,small_business,9
6256,36,12.2,185.88,155772,30.38,703,17,48.53,MORTGAGE,car,11
31659,60,10.75,832.07,79595,6.13,681,19,40.08,RENT,debt_consolidation,12
12280,60,6.43,254.93,146515,10.37,725,11,11.44,RENT,home_improvement,17
26849,60,16.86,354.4,68917,34.9,745,11,36.52,RENT,debt_consolidation,18
29172,36,13.17,86.58,26371,17.21,815,18,28.96,MORTGAGE,debt_consolidation,18
1931,60,8.97,145.15,141246,16.62,807,17,115.86,OWN,small_business,18
2141,36,27.01,488.69,87278,6.0,828,4,58.69,RENT,debt_consolidation,11
11754,60,27.43,434.86,24554,0.72,784,15,1.21,OWN,home_improvement,1
34040,60,9.85,973.47,147208,25.72,586,15,111.47,RENT,home_improvement,1
11485,36,8.99,639.66,131371,30.35,659,4,95.54,OWN,car,11
2306,36,21.12,1147.63,166504,5.48,740,19,80.52,OWN,debt_consolidation,19
2279,60,27.8,436.44,35684,10.36,793,10,48.45,RENT,home_improvement,10
18266,36,19.59,611.03,48604,16.98,688,8,79.29,OWN,home_improvement,6
23313,36,13.82,148.35,135473,16.66,806,6,16.59,OWN,small_business,12
28045,60,19.57,811.54,154940,8.29,703,4,2.04,OWN,credit_card,5
34160,60,22.08,682.28,69190,34.89,610,9,64.99,MORTGAGE,small_business,15
6622,36,7.09,294.58,131868,1.04,665,9,107.84,MORTGAGE,debt_consolidation,19
31535,60,23.8,128.47,179941,32.42,818,1,75.23,RENT,home_improvement,5
31447,60,24.23,539.23,140567,24.8,712,7,42.51,MORTGAGE,credit_card,1
23837,36,13.83,932.3,169016,22.51,684,5,2.47,MORTGAGE,home_improvement,14
6056,36,7.32,254.97,155787,31.84,848,17,34.19,RENT,home_improvement,16
21808,60,10.18,315.8,198781,14.95,641,8,86.17,RENT,car,10
24620,36,19.96,199.92,49052,24.26,706,13,4.13,OWN,car,0
26095,60,25.46,1130.08,24340,12.91,844,8,109.95,MORTGAGE,credit_card,0
24196,36,16.98,337.74,178635,17.13,692,8,25.8,MORTGAGE,home_improvement,13
16830,60,14.76,495.2,61842,9.71,723,12,58.26,OWN,car,12
22195,60,20.73,268.85,49218,34.1,832,12,79.52,RENT,small_business,19
30320,36,27.09,1088.91,137350,17.86,786,13,72.1,RENT,credit_card,6
13615,36,8.16,644.87,137060,24.7,649,1,103.74,MORTGAGE,debt_consolidation,18
27211,60,13.92,594.74,62425,24.14,611,13,96.33,OWN,small_business,19
6454,36,19.82,123.26,46606,8.89,801,14,13.33,RENT,car,0
24620,36,17.87,324.69,99504,32.01,725,17,94.38,OWN,car,2
13485,36,24.0,155.88,124791,0.13,839,10,61.34,MORTGAGE,credit_card,7
34787,36,15.58,556.75,76820,27.27,603,11,69.33,MORTGAGE,debt_consolidation,16
16048,36,14.29,363.53,56593,30.21,774,16,107.19,MORTGAGE,debt_consolidation,7
3985,36,11.18,1185.72,151306,22.68,603,3,54.49,OWN,credit_card,8
9016,60,10.12,655.5,124199,1.55,727,2,42.72,MORTGAGE,debt_consolidation,14
33335,60,25.65,688.76,151777,6.16,809,8,75.13,MORTGAGE,small_business,11
5757,60,14.94,240.97,80734,2.43,790,7,86.5,MORTGAGE,home_improvement,12
10429,60,21.73,998.31,185680,28.15,746,10,18.94,RENT,home_improvement,19
22259,60,18.16,424.29,162305,26.08,723,12,50.17,OWN,credit_card,11
27928,60,24.48,1022.66,33790,28.51,667,18,36.13,OWN,debt_consolidation,5
5478,36,16.6,618.13,166540,20.91,759,8,93.85,MORTGAGE,home_improvement,15
18568,36,19.64,58.98,59125,32.13,759,6,56.52,RENT,small_business,18
22292,36,15.49,728.2,165256,27.28,700,13,109.38,OWN,home_improvement,17
21588,60,17.92,423.43,82306,27.87,758,12,115.71,MORTGAGE,home_improvement,13
15939,36,25.28,1113.6,80510,26.72,762,19,53.47,RENT,small_business,3
20963,60,14.75,651.4,143763,9.55,623,9,104.55,OWN,car,0
20799,60,21.98,508.19,192606,28.7,664,9,66.43,MORTGAGE,credit_card,4
27143,60,27.31,450.29,23468,24.24,772,7,92.13,OWN,small_business,18
1917,36,10.24,378.34,157583,32.3,747,7,54.04,RENT,home_improvement,6
12087,36,11.0,586.26,164199,34.14,601,4,47.47,RENT,credit_card,10
10662,60,22.02,234.4,46878,30.51,754,9,15.37,RENT,debt_consolidation,1
19431,36,12.83,777.64,190759,29.07,765,16,21.55,OWN,car,16
22452,36,24.55,276.59,167784,9.4,839,19,16.23,MORTGAGE,car,16
11068,60,8.57,717.74,91210,23.36,664,14,45.85,OWN,debt_consolidation,18
9556,36,10.83,309.39,53545,22.8,740,19,48.28,MORTGAGE,credit_card,17
1338,36,6.91,547.24,72164,27.88,774,4,23.7,RENT,car,2
19624,36,24.07,1003.5,152448,18.7,734,3,97.95,MORTGAGE,home_improvement,3
29903,60,19.03,414.26,133850,16.2,732,16,34.08,MORTGAGE,credit_card,0
27523,60,13.18,109.7,198215,10.74,616,1,99.62,RENT,home_improvement,14
17299,36,21.74,769.83,98066,28.99,583,4,9.39,RENT,credit_card,19
19020,60,15.87,952.74,118808,10.3,789,9,17.9,MORTGAGE,home_improvement,3
4828,60,24.24,616.41,157558,4.32,593,15,34.71,OWN,car,2
23116,36,15.58,997.13,164051,14.0,645,10,19.84,OWN,debt_consolidation,11
20456,36,6.54,184.03,132045,8.43,700,19,85.88,RENT,credit_card,15
27500,36,26.88,107.39,171882,10.89,625,7,88.6,RENT,credit_card,11
22515,36,24.96,459.67,30004,9.48,677,16,76.55,MORTGAGE,small_business,11
25489,36,9.96,1182.13,116649,7.82,694,3,27.22,OWN,home_improvement,13
31682,36,21.54,698.35,165597,18.75,672,11,109.2,RENT,small_business,3
27957,36,9.75,129.75,185438,16.49,829,7,73.04,MORTGAGE,car,16
6355,60,6.27,674.44,121213,21.71,824,1,70.06,OWN,debt_consolidation,2
16438,60,22.32,152.67,177400,10.62,681,10,36.85,MORTGAGE,credit_card,8
5324,36,10.21,833.93,136726,6.44,844,4,100.03,MORTGAGE,car,6
18674,60,12.06,855.9,45460,18.51,776,6,65.78,OWN,debt_consolidation,18
24061,60,13.93,1031.08,143811,29.12,775,13,18.15,MORTGAGE,car,3
30619,60,13.17,467.38,170423,25.4,584,9,49.01,OWN,debt_consolidation,0
1968,36,19.62,1044.94,91922,13.81,646,4,3.56,OWN,credit_card,10
12442,60,23.9,552.21,161628,13.51,757,7,80.06,MORTGAGE,debt_consolidation,14
27943,60,11.78,1048.98,179926,20.58,820,12,111.14,MORTGAGE,credit_card,5
6951,36,26.05,1007.18,184500,25.6,656,1,2.4,RENT,home_improvement,10
14403,36,15.12,321.12,196339,30.31,794,12,93.01,MORTGAGE,credit_card,5
27039,36,7.07,925.71,104383,14.46,614,7,4.54,OWN,car,9
11403,36,7.45,518.24,50027,32.54,667,2,113.37,OWN,home_improvement,13
28285,60,7.64,699.75,35405,30.22,756,10,109.11,OWN,home_improvement,10
11304,60,24.5,652.87,51354,18.66,804,2,76.26,MORTGAGE,debt_consolidation,7
7359,36,15.38,223.12,20056,10.39,653,5,108.1,OWN,debt_consolidation,12
6774,60,6.16,264.32,85265,22.79,750,18,23.88,MORTGAGE,debt_consolidation,15
21466,60,13.47,1023.77,36551,27.35,813,13,81.12,OWN,credit_card,10
22518,36,15.06,1044.42,154212,26.93,600,19,112.15,RENT,credit_card,2
5938,60,23.11,888.27,199657,10.84,744,15,87.58,RENT,home_improvement,3
3573,60,13.39,143.17,163206,27.23,666,16,62.33,OWN,debt_consolidation,14
17499,36,22.79,75.46,125858,12.84,790,3,92.28,RENT,debt_consolidation,5
12706,36,27.32,1067.47,72996,16.1,650,5,24.66,RENT,car,7
21583,36,15.75,224.93,100506,25.81,804,18,100.89,MORTGAGE,debt_consolidation,13
7970,36,14.49,845.05,25202,27.25,662,15,85.75,RENT,small_business,7
9210,36,24.79,521.36,114385,0.25,797,7,108.47,MORTGAGE,small_business,7
2376,36,26.5,494.94,142232,28.17,786,17,96.92,MORTGAGE,car,15
6660,36,21.52,689.83,136677,33.97,738,3,40.95,MORTGAGE,small_business,10
25473,36,19.89,692.24,146750,1.49,790,15,41.21,OWN,small_business,0
34723,60,27.51,1088.15,174506,32.67,829,4,12.82,MORTGAGE,credit_card,13
1301,60,11.61,764.24,111282,22.67,648,4,94.38,MORTGAGE,small_business,16
22162,36,10.39,1132.64,172363,3.23,588,19,29.64,OWN,car,13
34783,36,7.06,758.69,176617,16.16,681,7,2.42,MORTGAGE,car,11
1876,36,26.69,590.52,148802,0.41,712,3,77.49,OWN,car,1
29927,36,11.96,624.48,159490,30.02,640,6,0.99,MORTGAGE,home_improvement,3
23740,36,19.77,67.35,95888,23.62,833,19,2.31,OWN,car,0
13003,60,14.91,572.17,111295,14.55,643,13,99.26,OWN,home_improvement,12
15022,60,6.73,317.85,38157,5.88,833,11,15.74,MORTGAGE,car,2
5748,60,18.26,86.32,169519,10.16,794,1,75.99,RENT,home_improvement,10
19601,60,18.95,61.02,101456,31.5,639,12,103.99,OWN,small_business,0
17663,60,25.48,504.92,104338,23.62,686,9,95.4,RENT,small_business,15
12421,36,22.9,872.47,140973,7.69,632,11,23.11,RENT,home_improvement,11
14612,60,16.47,905.04,65311,27.48,768,17,110.5,RENT,debt_consolidation,19
25690,60,27.63,362.53,32965,12.11,750,8,39.46,RENT,credit_card,13
19023,36,21.61,1189.75,74822,2.07,604,5,11.47,RENT,small_business,1
13040,36,5.86,992.23,176408,1.78,689,8,6.18,OWN,small_business,0
21215,36,14.42,976.07,105898,18.79,666,3,93.86,MORTGAGE,car,7
11816,36,8.31,113.64,76395,14.72,695,11,119.39,RENT,car,3
12704,36,19.56,350.86,144908,17.72,828,12,64.34,OWN,car,2
24664,60,6.04,1060.62,92964,20.6,712,13,102.23,OWN,car,17
34062,36,6.69,288.13,174142,21.59,736,12,76.43,MORTGAGE,credit_card,12
33762,36,15.38,831.77,160978,7.75,674,15,79.56,MORTGAGE,small_business,15
34154,36,27.23,496.54,157252,5.6,834,5,36.82,OWN,debt_consolidation,11
24252,36,19.6,859.43,125023,23.21,773,15,102.28,MORTGAGE,car,16
21103,60,8.74,922.17,86036,26.08,726,13,3.62,OWN,home_improvement,11
13258,60,23.35,346.67,57039,15.64,731,11,32.95,OWN,car,2
9415,36,11.99,771.97,85997,7.04,765,17,56.89,RENT,small_business,6
31225,36,20.34,681.01,92715,1.94,785,14,107.81,OWN,small_business,1
33854,60,12.33,876.03,103554,16.01,739,4,87.36,MORTGAGE,small_business,2
13449,36,25.71,493.94,23413,34.27,743,5,27.2,MORTGAGE,debt_consolidation,13
8392,60,23.78,723.31,126716,6.69,717,8,56.5,MORTGAGE,home_improvement,9
22267,60,22.62,1105.08,41637,6.75,801,1,49.44,MORTGAGE,credit_card,11
23852,60,20.75,560.36,177438,13.8,779,8,81.7,OWN,car,2
18334,60,26.7,1172.23,115023,28.69,675,7,19.35,OWN,small_business,14
30806,36,15.36,987.74,135708,15.72,608,9,42.32,RENT,car,9
31431,36,21.68,595.17,104984,9.01,829,8,27.55,MORTGAGE,small_business,2
12695,36,7.86,637.43,130224,33.33,596,8,108.32,RENT,debt_consolidation,2
